"Product/Service Name","Quantity on hand","Item type","Category","SKU","Purchase cost includes tax","Sales price includes tax","Price","Cost","Income Account","Expense Account","Inventory asset account","Sales Description","Purchase Description","Reorder Point"
"159-01 Barbados Turtle Mini",15,"Inventory","Souvenirs:Stickers","159-01","No","No",3.87,2.21,"Sales of Product Income","Cost of sales","Inventory Asset","159-01 Barbados Turtle Mini","159-01 Barbados Turtle Mini",20
"159-03 Barbados Turtle Large",-3,"Inventory","Souvenirs:Stickers","159-03","No","No",4.83,2.59,"Sales of Product Income","Cost of sales","Inventory Asset","159-03 Barbados Turtle Large","159-03 Barbados Turtle Large",20
"2X3 Bottom Bay Magnet",434,"Inventory","Souvenirs:Magnets","40865","No","No",4.83,2.94,"Sales of Product Income","Cost of sales","Inventory Asset","2X3 Bottom Bay Magnet - 40865","2X3 Bottom Bay Magnet",100
"2X3 Carlisle Bay Magnet",51,"Inventory","Souvenirs:Magnets","56187","No","No",4.83,2.67,"Sales of Product Income","Cost of sales","Inventory Asset","2X3 Carlisle Bay Magnet - 56187","2X3 Carlisle Bay Magnet",20
"2X3 Crane Beach Magnet",528,"Inventory","Souvenirs:Magnets","40868","No","No",4.83,3.18,"Sales of Product Income","Cost of sales","Inventory Asset","2X3 Crane Beach Magnet - 40868","2X3 Crane Beach Magnet",50
"2X3 Foul Bay Magnet",239,"Inventory","Souvenirs:Magnets","40866","No","No",4.83,3.24,"Sales of Product Income","Cost of sales","Inventory Asset","2X3 Foul Bay Magnet - 40866","2X3 Foul Bay Magnet",50
"2X3 Miami Beach Magnet",123,"Inventory","Souvenirs:Magnets","40867","No","No",4.83,3.19,"Sales of Product Income","Cost of sales","Inventory Asset","2X3 Miami Beach Magnet - 40867","2X3 Miami Beach Magnet",50
"2X3 Sea Turtle 1 Magnet",189,"Inventory","Souvenirs:Magnets","44536","No","No",4.83,3,"Sales of Product Income","Cost of sales","Inventory Asset","2X3 Sea Turtle 1 Magnet - 44536","2X3 Sea Turtle 1 Magnet",20
"2X3 Sea Turtle 2 Magnet",72,"Inventory","Souvenirs:Magnets","55926","No","No",4.83,1.72,"Sales of Product Income","Cost of sales","Inventory Asset","2X3 Sea Turtle 2 Magnet - 55926","2X3 Sea Turtle 2 Magnet",20
"2oz Frosted Glass Bottle",191,"Inventory","Souvenirs:Sand & Shells","SSG-11","No","No",7.27,4.58,"Sales of Product Income","Cost of sales","Inventory Asset","2oz Frosted Glass Bottle - SSG-11","2oz Frosted Glass Bottle",10
"3D 18oz Lenticular Aquatic Cup With Lid",56,"Inventory","Souvenirs","Q1-3DAQU","No","No",6.78,4.66,"Sales of Product Income","Cost of sales","Inventory Asset","3D 18oz Lenticular Aquatic Cup With Lid","3D 18oz Lenticular Aquatic Cup With Lid",20
"3D Painted Cypraea Tigris",23,"Inventory","Souvenirs","I-1507","No","No",10.19,6,"Sales of Product Income","Cost of sales","Inventory Asset","3D Painted Cypraea Tigris","3D Painted Cypraea Tigris",10
"47192 Coral Fish Magnet",81,"Inventory","Souvenirs:3D Magnets","47192-3DM","No","No",5.81,3.26,"Sales of Product Income","Cost of sales","Inventory Asset","Coral Fish Magnet - 47192","Coral Fish Magnet",10
"47266 Sea Turtle Swim Magnet",47,"Inventory","Souvenirs:3D Magnets","47266-3DM","No","No",5.81,3.26,"Sales of Product Income","Cost of sales","Inventory Asset","Sea Turtle Swim Magnet - 47266","47266 Sea Turtle Swim Magnet",10
"Barbados Baby Sea Turtle Patch",398,"Inventory","Souvenirs:Patches","401856","No","No",4.83,2.85,"Sales of Product Income","Cost of sales","Inventory Asset","Barbados Baby Sea Turtle Patch - 401856","Barbados Baby Sea Turtle Peel and Stick Patch",10
"Barbados Banner Palm Surf",83,"Inventory","Souvenirs:Stickers","106-01","No","No",3.87,2.41,"Sales of Product Income","Cost of sales","Inventory Asset","Barbados Banner Palm Surf - 106-01","Barbados Banner Palm Surf",20
"Barbados Blue Flip Flops",31,"Inventory","Souvenirs:Stickers","112-01","No","No",3.87,2.41,"Sales of Product Income","Cost of sales","Inventory Asset","Barbados Blue Flip Flops - 112-01","Barbados Blue Flip Flops",20
"Barbados Blue Turtle",18,"Inventory","Souvenirs:Stickers","102-01","No","No",3.87,2.41,"Sales of Product Income","Cost of sales","Inventory Asset","Barbados Blue Turtle - 102-01","Barbados Blue Turtle",20
"Barbados Bus Stop Patch",400,"Inventory","Souvenirs:Patches","8516","No","No",4.83,2.44,"Sales of Product Income","Cost of sales","Inventory Asset","Barbados Bus Stop Patch - 8516","Barbados Bus Stop Iron On Patch",10
"Barbados Dive Map and Reef Creatures ID Guide",37,"Inventory","Souvenirs:Guides","8601","No","No",8.25,4.82,"Sales of Product Income","Cost of sales","Inventory Asset","Barbados Dive Map and Reef Creatures ID Guide - 8601","Barbados Dive Map and Reef Creatures ID Guide",10
"Barbados Flag 3.5"" x 2.5""",16,"Inventory","Souvenirs:Stickers","40844C","No","No",2.41,1.18,"Sales of Product Income","Cost of sales","Inventory Asset","Barbados Flag 3.5"" x 2.5"" - 40844C","Barbados Flag 3.5"" x 2.5""",50
"Barbados Flag 5.25"" x 3.75""",142,"Inventory","Souvenirs:Stickers","40844B","No","No",2.41,1.46,"Sales of Product Income","Cost of sales","Inventory Asset","Barbados Flag 5.25"" x 3.75"" - 40844B","Barbados Flag 5.25"" x 3.75""",20
"Barbados Flag Car Magnet",23,"Inventory","Souvenirs:Magnets","40873A","No","No",4.35,2.94,"Sales of Product Income","Cost of sales","Inventory Asset","Barbados Flag Car Magnet - 40873A","Barbados Flag Car Magnet",20
"Barbados Flag Luggage Tag",223,"Inventory","Souvenirs:Luggage Tags","40871","No","No",3.38,2.06,"Sales of Product Income","Cost of sales","Inventory Asset","Barbados Flag Luggage Tag - 40871","Barbados Flag Luggage Tag",50
"Barbados Flag Mini",21,"Inventory","Souvenirs:Stickers","20082","No","No",3.87,1.18,"Sales of Product Income","Cost of sales","Inventory Asset","Barbados Flag Mini - 20082","Barbados Flag Mini",20
"Barbados Flag Patch",2,"Inventory","Souvenirs:Patches","8514","No","No",4.83,2.44,"Sales of Product Income","Cost of sales","Inventory Asset","Barbados Flag Patch - 8514","Barbados Flag Iron On Patch",10
"Barbados Flip Flop Palm",59,"Inventory","Souvenirs:Stickers","097-03","No","No",4.83,2.5,"Sales of Product Income","Cost of sales","Inventory Asset","Barbados Flip Flop Palm - 097-03","Barbados Flip Flop Palm",20
"Barbados Flip Flop Palm stickers small",92,"Inventory","Souvenirs:Stickers","097-01","Yes","No",3.87,2.41,"Sales of Product Income","Cost of sales","Inventory Asset","Barbados Flip Flop Palm stickers small - 097-01","Barbados Flip Flop Palm stickers small",20
"Barbados Green Sea Turtle",44,"Inventory","Souvenirs:Stickers","103-01","No","No",3.87,2.41,"Sales of Product Income","Cost of sales","Inventory Asset","Barbados Green Sea Turtle - 103-01","Barbados Green Sea Turtle - 103-01",20
"Barbados Green Sea Turtle Large",0,"Inventory","Souvenirs:Stickers","103-03","No","No",4.83,2.59,"Sales of Product Income","Cost of sales","Inventory Asset","Barbados Green Sea Turtle Large - 103-03","Barbados Green Sea Turtle Large",20
"Barbados Map Patch",48,"Inventory","Souvenirs:Patches","8515","No","No",4.83,2.44,"Sales of Product Income","Cost of sales","Inventory Asset","Barbados Map Patch - 8515","Barbados Map Iron On Patch",10
"Barbados Map Sticker",174,"Inventory","Souvenirs:Stickers","52425","No","No",2.41,1.77,"Sales of Product Income","Cost of sales","Inventory Asset","Barbados Map Sticker - 52425","Barbados Map Sticker",20
"Barbados Mini Fish and Reef Creatures ID Guide - 4 x 6",5,"Inventory","Souvenirs:Guides","8602","No","No",5.8,1.77,"Sales of Product Income","Cost of sales","Inventory Asset","Barbados Mini Fish and Reef Creatures ID Guide - 4 x 6 - 8602","Barbados Mini Fish and Reef Creatures ID Guide - 4 x 6",10
"Barbados Old Fashion Confectionary Box",9060,"Inventory","Souvenirs:Confectionery","Box-BOFC","No","No",,0.58,"Sales of Product Income","Cost of sales","Inventory Asset","Barbados Old Fashion Confectionary Box","Barbados Old Fashion Confectionary Box",1000
"Barbados Old Fashioned Confectionery",0,"Inventory","Souvenirs:Confectionery","Barbados Old Fashioned Confectionery","No","No",11.64,7.65,"Sales of Product Income","Cost of sales","Inventory Asset","Barbados Old Fashioned Confectionery","Barbados Old Fashioned Confectionery",0
"Barbados One Love Heart",137,"Inventory","Souvenirs:Stickers","140-01","No","No",3.87,1.66,"Sales of Product Income","Cost of sales","Inventory Asset","Barbados One Love Heart - 140-01","Barbados One Love Heart",20
"Barbados Palms Sunset",38,"Inventory","Souvenirs:Stickers","120-01","No","No",3.87,2.41,"Sales of Product Income","Cost of sales","Inventory Asset","Barbados Palms Sunset - 120-01","Barbados Palms Sunset",20
"Barbados Photo/Turtle Place Mat",66,"Inventory","Souvenirs:Place Mats","44490","No","No",6.3,4.06,"Sales of Product Income","Cost of sales","Inventory Asset","Barbados Photo/Turtle Place Mat - 44490","Barbados Photo/Turtle Place Mat",20
"Barbados Playing Cards",508,"Inventory","Souvenirs:Playing Cards","Pl Cards 5436","No","No",5.32,2.97,"Sales of Product Income","Cost of sales","Inventory Asset","Barbados Playing Cards - 5436","Barbados Playing Cards",500
"Barbados Sea Turtle Patch",299,"Inventory","Souvenirs:Patches","401854","No","No",4.83,2.85,"Sales of Product Income","Cost of sales","Inventory Asset","Barbados Sea Turtle Patch - 401854","Barbados Sea Turtle Peel and Stick Patch",50
"Barbados Surfboards",119,"Inventory","Souvenirs:Stickers","176-01","No","No",3.87,2.41,"Sales of Product Income","Cost of sales","Inventory Asset","Barbados Surfboards - 176-01","Barbados Surfboards",20
"Barbados Triple Hibiscus",49,"Inventory","Souvenirs:Stickers","108-03","No","No",4.83,2.5,"Sales of Product Income","Cost of sales","Inventory Asset","Barbados Triple Hibiscus - 108-03","Barbados Triple Hibiscus",20
"Barbados Triple Hibiscus small sticker",7,"Inventory","Souvenirs:Stickers","108-01","Yes","No",3.87,2.41,"Sales of Product Income","Cost of sales","Inventory Asset","Barbados Triple Hibiscus small sticker - 108-01","Barbados Triple Hibiscus small sticker",20
"Barbados Turtle In Sea Mini",29,"Inventory","Souvenirs:Stickers","094-01","No","No",3.87,2.41,"Sales of Product Income","Cost of sales","Inventory Asset","Barbados Turtle In Sea Mini - 094-01","Barbados Turtle In Sea Mini",20
"Barbados Turtle Sticker",64,"Inventory","Souvenirs:Stickers","52426","No","No",2.41,1.13,"Sales of Product Income","Cost of sales","Inventory Asset","Barbados Turtle Sticker - 52426","Barbados Turtle Sticker",20
"Beach 'N' Bag",26,"Inventory","Souvenirs:Sand & Shells","SSB-1","No","No",5.32,3.29,"Sales of Product Income","Cost of sales","Inventory Asset","Beach 'N' Bag - SSB-1","Beach 'N' Bag",10
"Book Of Pirates",301,"Inventory","Souvenirs:Books","Pbook","No","No",6.3,3.72,"Sales of Product Income","Cost of sales","Inventory Asset","Book Of Pirates","Book Of Pirates",100
"Bottom Bay Key Chain",152,"Inventory","Souvenirs:Key Chains","40862","No","No",4.35,2.42,"Sales of Product Income","Cost of sales","Inventory Asset","Bottom Bay Key Chain - 40862","Bottom Bay Key Chain",50
"Box Wood Blue Stripe",4,"Inventory","Souvenirs:Boxes - Wooden","13639","No","No",9.7,5.95,"Sales of Product Income","Cost of sales","Inventory Asset","Box Wood Blue Stripe - 13639","Box Wood Blue Stripe",10
"Box Wood Seaglass Blue",0,"Inventory","Souvenirs:Boxes - Wooden","12214","No","No",9.7,5.29,"Sales of Product Income","Cost of sales","Inventory Asset","Box Wood Seaglass Blue - 12214","Box Wood Seaglass Blue",10
"Box Wood With Shell & Starfish",4,"Inventory","Souvenirs:Boxes - Wooden","15400","No","No",9.7,5.95,"Sales of Product Income","Cost of sales","Inventory Asset","Wood Box With Shell & Starfish - 15400","Wood Box With Shell & Starfish",10
"Car Sticker Barbados Flag 7.0"" x 2.5""",57,"Inventory","Souvenirs:Stickers","42151","No","No",2.41,1.55,"Sales of Product Income","Cost of sales","Inventory Asset","Car Sticker Barbados Flag 7.0"" x 2.5"" - 42151","Car Sticker Barbados Flag 7.0"" x 2.5""",20
"Caribbean Colouring Book",121,"Inventory","Souvenirs:Books","Colour Book","No","No",6.78,3.67,"Sales of Product Income","Cost of sales","Inventory Asset","Caribbean Colouring Book","Caribbean Colouring Book",20
"Caribbean Golden Map Magnet Note Pad",68,"Inventory","Souvenirs:Books","NPMCAR 200","No","No",4.83,2.7,"Sales of Product Income","Cost of sales","Inventory Asset","Caribbean Golden Map Magnet Note Pad","Caribbean Golden Map Magnet Note Pad",20
"Caribbean Green Magnet Note Pad",58,"Inventory","Souvenirs:Books","NPMCAR 300","No","No",4.83,2.72,"Sales of Product Income","Cost of sales","Inventory Asset","Caribbean Green Magnet Note Pad","Caribbean Green Magnet Note Pad",20
"Caribbean Map Playing Cards",120,"Inventory","Souvenirs:Playing Cards","Pl Cards 1700","No","No",5.32,2.69,"Sales of Product Income","Cost of sales","Inventory Asset","Caribbean Map Playing Cards - 1700","Caribbean Map Playing Cards",50
"Caribbean Playing Cards",127,"Inventory","Souvenirs:Playing Cards","Pl Cards 300","No","No",5.32,2.83,"Sales of Product Income","Cost of sales","Inventory Asset","Caribbean Playing Cards - 300","Caribbean Playing Cards",0
"Carlisle Bay Key Chain",17,"Inventory","Souvenirs:Key Chains","56187","No","No",4.35,1.29,"Sales of Product Income","Cost of sales","Inventory Asset","Carlisle Bay Key Chain - 56187","Carlisle Bay Key Chain",20
"Clown Chaos Magnet",54,"Inventory","Souvenirs:3D Magnets","47026-3DM","No","No",5.81,3.3,"Sales of Product Income","Cost of sales","Inventory Asset","Clown Chaos Magnet - 47026","Clown Chaos Magnet",10
"Coconut Tree Sticker",60,"Inventory","Souvenirs:Stickers","52427","No","No",2.41,1.13,"Sales of Product Income","Cost of sales","Inventory Asset","Coconut Tree Sticker - 52427","Coconut Tree Sticker",20
"Colour Pencil In Tube",36,"Inventory","Souvenirs:Pencils and Pens","90059C-CPLT","No","No",4.35,2.51,"Sales of Product Income","Cost of sales","Inventory Asset","Colour Pencil In Tube - 90059C-CPLT","Colour Pencil In Tube",10
"Colourful Coral Magnet",38,"Inventory","Souvenirs:3D Magnets","92246C-3DM","No","No",5.81,4.09,"Sales of Product Income","Cost of sales","Inventory Asset","Colourful Coral Magnet - 92246C","Colourful Coral Magnet",10
"Coral Fish 3D Bookmark",28,"Inventory","Souvenirs:3D Bookmarks","47192-3DB","No","No",6.3,3.26,"Sales of Product Income","Cost of sales","Inventory Asset","Coral Fish 3D Bookmark - 47192","Coral Fish 3D Bookmark",10
"Crane Beach Key Chain",220,"Inventory","Souvenirs:Key Chains","60123","No","No",4.35,2,"Sales of Product Income","Cost of sales","Inventory Asset","Crane Beach Key Chain - 60123","Crane Beach Key Chain",20
"Crane Beach Luggage Tag",30,"Inventory","Souvenirs:Luggage Tags","40869","No","No",3.38,1.49,"Sales of Product Income","Cost of sales","Inventory Asset","Crane Beach Luggage Tag - 40869","Crane Beach Luggage Tag",20
"Curious Clowns 3D Bookmark",71,"Inventory","Souvenirs:3D Bookmarks","47028-3DB","No","No",6.3,3.55,"Sales of Product Income","Cost of sales","Inventory Asset","Curious Clowns 3D Bookmark - 47028","Curious Clowns 3D Bookmark - 47028",10
"Curious Clowns Magnet",35,"Inventory","Souvenirs:3D Magnets","47028-3DM","No","No",5.81,3.32,"Sales of Product Income","Cost of sales","Inventory Asset","Curious Clowns Magnet - 47028","Curious Clowns Magnet - 47028",10
"Distribution of brochures",0,"Service",,,"No","No",,,"Sales","","",,,
"Dive Flag Patch",24,"Inventory","Souvenirs:Patches","8785","No","No",4.35,2.44,"Sales of Product Income","Cost of sales","Inventory Asset","Dive Flag Patch - 8785","Dive Flag Iron On Patch",0
"Dolphin Pod 3D Bookmark",59,"Inventory","Souvenirs:3D Bookmarks","47029-3DB","No","No",6.3,3.35,"Sales of Product Income","Cost of sales","Inventory Asset","Dolphin Pod 3D Bookmark","Dolphin Pod 3D Bookmark - 47029",10
"Don't Stop The Cook Cookbook",186,"Inventory","Souvenirs:Books","300","No","No",16.02,8.95,"Sales of Product Income","Cost of sales","Inventory Asset","Don't Stop The Cook Cookbook - 300","Don't Stop The Cook Cookbook",20
"Don't Stop The Cook Island Recipes Book",1201,"Inventory","Souvenirs:Books","1320","No","No",5.32,3.17,"Sales of Product Income","Cost of sales","Inventory Asset","Don't Stop The Cook Island Recipes Book - 1320","Don't Stop The Cook Island Recipes Book",200
"Don't Stop The Party",37,"Inventory","Souvenirs:Books","400","No","No",14.56,8.65,"Sales of Product Income","Cost of sales","Inventory Asset","Don't Stop The Party - 400","Don't Stop The Party",20
"Don't Stop The Rum Book",1293,"Inventory","Souvenirs:Books","1509","No","No",5.32,3.15,"Sales of Product Income","Cost of sales","Inventory Asset","Don't Stop The Rum Book - 1509","Don't Stop The Rum Book",300
"Don't Stop The Tropical Drinks Book",1405,"Inventory","Souvenirs:Books","1510","No","No",5.32,3.16,"Sales of Product Income","Cost of sales","Inventory Asset","Don't Stop The Tropical Drinks Book - 1510","Don't Stop The Tropical Drinks Book",300
"Drink Recipe Playing Cards",582,"Inventory","Souvenirs:Playing Cards","Pl Cards 1100","No","No",5.32,2.82,"Sales of Product Income","Cost of sales","Inventory Asset","Drink Recipe Playing Cards - 1100","Drink Recipe Playing Cards",300
"East Coast Key Chain",215,"Inventory","Souvenirs:Key Chains","40863","No","No",4.35,2.49,"Sales of Product Income","Cost of sales","Inventory Asset","East Coast Key Chain - 40863","East Coast Key Chain",50
"Eurostyle Barbados Flag Magnet",186,"Inventory","Souvenirs:Magnets","40844A","No","No",3.87,3.19,"Sales of Product Income","Cost of sales","Inventory Asset","Eurostyle Barbados Flag Magnet - 40844A","Eurostyle Barbados Flag Magnet",40
"Eurostyle Barbados Flag Mini Magnet",113,"Inventory","Souvenirs:Magnets","40844D","No","No",2.41,1.41,"Sales of Product Income","Cost of sales","Inventory Asset","Eurostyle Barbados Flag Mini Magnet - 40844D","Eurostyle Barbados Flag Mini Magnet",20
"Eurostyle Bottom Bay Magnet",73,"Inventory","Souvenirs:Magnets","40837","No","No",3.87,1.76,"Sales of Product Income","Cost of sales","Inventory Asset","Eurostyle Bottom Bay Magnet - 40837","Eurostyle Bottom Bay Magnet",20
"Eurostyle East Coast Magnet",94,"Inventory","Souvenirs:Magnets","40842","No","No",3.87,2.85,"Sales of Product Income","Cost of sales","Inventory Asset","Eurostyle East Coast Magnet - 40842","Eurostyle East Coast Magnet",20
"Eurostyle Miami Beach Magnet",97,"Inventory","Souvenirs:Magnets","40838","No","No",3.87,1.79,"Sales of Product Income","Cost of sales","Inventory Asset","Eurostyle Miami Beach Magnet - 40838","Eurostyle Miami Beach Magnet - 40838",20
"Eurostyle Turtle Magnet",106,"Inventory","Souvenirs:Magnets","44589","No","No",3.87,1.77,"Sales of Product Income","Cost of sales","Inventory Asset","Eurostyle Turtle Magnet - 44589","Eurostyle Turtle Magnet",20
"Eurostyle West Coast Magnet",53,"Inventory","Souvenirs:Magnets","40839","No","No",3.87,1.77,"Sales of Product Income","Cost of sales","Inventory Asset","Eurostyle West Coast Magnet - 40839","West Coast Magnet",20
"Event rental",0,"Service","Plant Rentals","500","No","No",,,"Sales","","",,,
"Famous Pirates Playing Cards",121,"Inventory","Souvenirs:Playing Cards","Pl Cards 1600","No","No",5.32,2.59,"Sales of Product Income","Cost of sales","Inventory Asset","Famous Pirates Playing Cards - 1600","Famous Pirates Playing Cards",100
"Fish Frenzy 3D Bookmark",10,"Inventory","Souvenirs:3D Bookmarks","47066-3DB","No","No",6.3,3.35,"Sales of Product Income","Cost of sales","Inventory Asset","Fish Frenzy 3D Bookmark","Fish Frenzy 3D Bookmark - 47066",10
"Five Colours with Barbados and a Beach Graphic",585,"Inventory","Souvenirs:Pencils and Pens","ND-CLX-BEACH","No","No",2.41,1.15,"Sales of Product Income","Cost of sales","Inventory Asset","Five Colours with Barbados and a Beach Graphic - ND-CLX-BEACH","Five Colours with Barbados and a Beach Graphic",150
"Five Colours with Barbados and a Sea Turtle",287,"Inventory","Souvenirs:Pencils and Pens","ND-CLX-TURTLE","No","No",2.41,1.09,"Sales of Product Income","Cost of sales","Inventory Asset","Five Colours with Barbados and a Sea Turtle - ND-CLX-TURTLE","Five Colours with Barbados and a Sea Turtle",150
"Frame Poly PT/Turtle",4,"Inventory","Souvenirs:Photo Frames","15912","No","No",9.7,5.95,"Sales of Product Income","Cost of sales","Inventory Asset","Frame Poly PT/Turtle - 15912","Frame Poly PT/Turtle",10
"Frame With Beach and Starfish",9,"Inventory","Souvenirs:Photo Frames","16441","No","No",14.56,9.56,"Sales of Product Income","Cost of sales","Inventory Asset","Frame With Beach and Starfish - 16441","Frame With Beach and Starfish",10
"Framing Print - Barbados",30,"Inventory","Souvenirs:Framing Prints","FP04","No","No",3.38,2.11,"Sales of Product Income","Cost of sales","Inventory Asset","Framing Print - Barbados - FP04","Framing Print - Barbados",30
"Framing Print - Famous Pirate",65,"Inventory","Souvenirs:Framing Prints","FP01","No","No",3.38,1.83,"Sales of Product Income","Cost of sales","Inventory Asset","Framing Print - Famous Pirate - FP01","Framing Print - Famous Pirate",30
"Guava Cheese Pack",217,"Inventory","Souvenirs:Confectionery","Guava Cheese Pack","Yes","No",,,"Sales of Product Income","Cost of sales","Inventory Asset","Guava Cheese Pack","Guava Cheese Pack",50
"Half Shell Kokonut Kandle",50,"Inventory","Souvenirs:Miscellaneous","HK-1-PL","No","No",14.56,9.62,"Sales of Product Income","Cost of sales","Inventory Asset","Half Shell Kokonut Kandle - HK-1-PL","Half Shell Kokonut Kandle",10
"Hanging Silicon Sand & Shell Bottle6.78",97,"Inventory","Souvenirs:Sand & Shells","C-1018","No","No",6.78,4.4,"Sales of Product Income","Cost of sales","Inventory Asset","Hanging Silicon Sand & Shell Bottle - C-1018","Hanging Silicon Sand & Shell Bottle",10
"Hours",0,"Service",,,"No","No",,,"Sales","","",,,
"Importation of Magazines",0,"Service",,,"No","No",,,"Sales","","",,,
"Large 3D Shell Bottle",23,"Inventory","Souvenirs:Sand & Shells","SSG-58","No","No",6.78,4.58,"Sales of Product Income","Cost of sales","Inventory Asset","Large 3D Shell Bottle - SSG-58","Large 3D Shell Bottle",10
"Miami Beach Key Chain",263,"Inventory","Souvenirs:Key Chains","40864","No","No",4.35,2.64,"Sales of Product Income","Cost of sales","Inventory Asset","Miami Beach Key Chain - 40864","Miami Beach Key Chain",50
"Monkey Crossing Sign",186,"Inventory","Souvenirs:Signs","MC","No","No",6.3,3.9,"Sales of Product Income","Cost of sales","Inventory Asset","Monkey Crossing Sign","Monkey Crossing Sign",20
"Neon Jar Medium",21,"Inventory","Souvenirs:Miscellaneous","C-1173","No","No",6.3,3.97,"Sales of Product Income","Cost of sales","Inventory Asset","Neon Jar Medium - C-1173","Neon Jar Medium",10
"Pencils with Barbados and Turtle",1145,"Inventory","Souvenirs:Pencils and Pens","ND-WDP","No","No",1.43,0.81,"Sales of Product Income","Cost of sales","Inventory Asset","Pencils with Barbados and Turtle","Pencils with Barbados and Turtle",150
"Placemat - Caribbean Maps",104,"Inventory","Souvenirs:Place Mats","Placemat 1800","No","No",5.81,3.73,"Sales of Product Income","Cost of sales","Inventory Asset","Placemat - Caribbean Maps - 1800","Placemat - Caribbean Maps",30
"Placemat - Cocktails",11,"Inventory","Souvenirs:Place Mats","Placemat 1300","No","No",5.81,3.41,"Sales of Product Income","Cost of sales","Inventory Asset","Placemat - Cocktails - 1300","Placemat - Cocktails",30
"Placemat - Tropical Drinks",165,"Inventory","Souvenirs:Place Mats","Placemat 1400","No","No",5.81,3.73,"Sales of Product Income","Cost of sales","Inventory Asset","Placemat - Tropical Drinks - 1400","Placemat - Tropical Drinks - 1400",30
"Plant Removal Fee",0,"Service","Plant Rentals","20","No","No",20,,"Revenue - General","","","Plant Removal Fee",,
"Plastic Bottle With Cork Filled With Shells",83,"Inventory","Souvenirs:Sand & Shells","NM1","No","No",8.73,5.48,"Sales of Product Income","Cost of sales","Inventory Asset","Plastic Bottle With Cork Filled With Shells - NM1","Plastic Bottle With Cork Filled With Shells - NM1",10
"Plastic Clock Magnet Bottle with Cork filled with Shells",172,"Inventory","Souvenirs:Sand & Shells","SSG-42","No","No",5.81,3.3,"Sales of Product Income","Cost of sales","Inventory Asset","Plastic Clock Magnet Bottle with Cork filled with Shells - SSG-42","Plastic Clock Magnet Bottle with Cork filled with Shells",50
"Plastic Magnet Bottle with Cork filled with Shells",256,"Inventory","Souvenirs:Sand & Shells","SSG-29","No","No",5.81,2.58,"Sales of Product Income","Cost of sales","Inventory Asset","Plastic Magnet Bottle with Cork filled with Shells - SSG-29","Plastic Magnet Bottle with Cork filled with Shells",10
"Plastic Square Magnet Bottle with Cork filled with Shells",233,"Inventory","Souvenirs:Sand & Shells","SSG-40","No","No",5.81,3.29,"Sales of Product Income","Cost of sales","Inventory Asset","Plastic Square Magnet Bottle with Cork filled with Shells - SSG-40","Plastic Square Magnet Bottle with Cork filled with Shells",20
"Pocket Knife",47,"Inventory","Souvenirs:Miscellaneous","16310","No","No",8.78,4.36,"Sales of Product Income","Cost of sales","Inventory Asset","Pocket Knife - 16310","Pocket Knife",10
"Postcard - Red Sea",72,"Inventory","Souvenirs:3D Postcards","47023-3DP","No","No",4.83,2.51,"Sales of Product Income","Cost of sales","Inventory Asset","Postcard - Red Sea - 47023","Postcard - Red Sea",10
"Postcard - Sea Turtles",111,"Inventory","Souvenirs:3D Postcards","47261-3DP","No","No",4.83,2.51,"Sales of Product Income","Cost of sales","Inventory Asset","Postcard - Sea Turtles - 47261","Postcard - Sea Turtles",10
"Postcard - Seavillains",20,"Inventory","Souvenirs:3D Postcards","47081-3DP","No","No",4.83,2.51,"Sales of Product Income","Cost of sales","Inventory Asset","Postcard - Seavillains - 47081","Postcard - Seavillains",10
"Postcard - Tiny Bubbles",153,"Inventory","Souvenirs:3D Postcards","47165-3DP","No","No",4.83,2.51,"Sales of Product Income","Cost of sales","Inventory Asset","Postcard - Tiny Bubbles - 47165","Postcard - Tiny Bubbles",10
"Postcard - Turtle",12,"Inventory","Souvenirs:3D Postcards","47255-3DP","No","No",4.83,2.51,"Sales of Product Income","Cost of sales","Inventory Asset","Postcard - Turtle - 47255","Postcard - Turtle",10
"Postcard - Turtles In Light",98,"Inventory","Souvenirs:3D Postcards","47181-3DP","No","No",4.83,2.51,"Sales of Product Income","Cost of sales","Inventory Asset","Postcard - Turtles In Light - 47181","Postcard - Turtles In Light - 47181",10
"Red Sea 3D Bookmark",30,"Inventory","Souvenirs:3D Bookmarks","47023-3DB","No","No",6.3,3.56,"Sales of Product Income","Cost of sales","Inventory Asset","Red Sea 3D Bookmark","Red Sea 3D Bookmark - 47023",10
"Red Sea Magnet",49,"Inventory","Souvenirs:3D Magnets","47023-3DM","No","No",5.81,3.27,"Sales of Product Income","Cost of sales","Inventory Asset","Red Sea Magnet - 47023","Red Sea Magnet",10
"Rental of 4 Medium to Large plus 1 Small Plant to Signia Haggatt Hall - minimum charge",0,"Service","Plant Rentals","160","No","No",100,,"Revenue - General","","","Rental of 4 Medium to Large plus 1 Small Plant",,
"Rental of 4 Medium to Large plus 2 Small Plants to Island Heritage - minimum charge",0,"Service","Plant Rentals","140","No","No",150,,"Revenue - General","","","Rental of 4 Medium to Large plus 2 Small Plants",,
"Rental of 5 Medium to Large Plant (From 2' to 6' in height) to Blue Nova Inc - minimum charge",0,"Service","Plant Rentals","112","No","No",100,,"Revenue - General","","","Rental of 5 Medium to Large Plants",,
"Rental of 6 Medium to Large Plant plus 2 Flowering Plants to Canfornav - minimum charge",0,"Service","Plant Rentals","113","No","No",150,,"Revenue - General","","","Rental of 6 Medium to Large Plants plus 2 Flowering Plants",,
"Rental of Dish Garden/Pottery Planter with Plants",0,"Service","Plant Rentals","4","No","No",25,,"Revenue - General","","","Rental of Dish Garden/Pottery Planter with Plants",,
"Rental of Extra Large Plant (Greater than 6' in height)",0,"Service","Plant Rentals","3","No","No",22,,"Revenue - General","","","Rental of Extra Large Plant",,
"Rental of Extra Large Plant - Central Bank (Greater than 6"" in height)",0,"Service","Plant Rentals","10","No","No",21,,"Revenue - General","","","Rental of Extra Large Plant",,
"Rental of Flowering Plant",0,"Service","Plant Rentals","13","No","No",25,,"Revenue - General","","","Rental of Flowering Plant",,
"Rental of Flowering Plant (Central Bank)",0,"Service","Plant Rentals","21","No","No",24,,"Revenue - General","","","Rental of Flowering Plant",,
"Rental of Flowering Plant - CIBC Wealth Management",0,"Service","Plant Rentals","14","No","No",30,,"Revenue - General","","","Rental of Flowering Plant",,
"Rental of Hancock 20"" Floor Planter $9.50",0,"Service","Planter Rental","24","No","No",9.5,,"Revenue - General","","","Rental of Planter/Plant Pot",,
"Rental of Harrison 13.5"" Metallic Floor Planter $7.50",0,"Service","Planter Rental","23","No","No",7.5,,"Revenue - General","","","Rental of Planter/Plant Pot",,
"Rental of Large Desktop Planter with Plants",0,"Service","Plant Rentals","5","No","No",12.5,,"Revenue - General","","","Rental of Large Desktop Planter with Plants",,
"Rental of Large Plant (From 4' to 6' in height)",0,"Service","Plant Rentals","9","No","No",15,,"Revenue - General","","","Rental of Large Plant",,
"Rental of Lechuza Quadro 13"" Floor Planter $12.00",0,"Service","Planter Rental","25","No","No",12,,"Revenue - General","","","Rental of Planter/Plant Pot",,
"Rental of Medium Plant (From 2' to 4' in height)",0,"Service","Plant Rentals","8","No","No",12,,"Revenue - General","","","Rental of Medium Plant",,
"Rental of Medium to Large Plant (From 2' to 6' in height)",0,"Service","Plant Rentals","2","No","No",14.25,,"Revenue - General","","","Rental of Medium to Large Plant",,
"Rental of Medium to Large Plant (From 2' to 6' in height) - Republic Bank",0,"Service","Plant Rentals","145","No","No",13.75,,"Revenue - General","","","Rental of Medium to Large Plant",,
"Rental of Planter/Plant Pot $11.00",0,"Service","Planter Rental","32","No","No",11,,"Revenue - General","","","Rental of Planter/Plant Pot",,
"Rental of Planter/Plant Pot $11.50",0,"Service","Planter Rental","300","No","No",11.5,,"Revenue - General","","","Rental of Planter/Plant Pot",,
"Rental of Planter/Plant Pot $3.00",0,"Service","Planter Rental","15","No","No",3,,"Revenue - General","","","Rental of Planter/Plant Pot",,
"Rental of Planter/Plant Pot $4.50",0,"Service","Planter Rental","28","No","No",4.5,,"Revenue - General","","","Rental of Planter/Plant Pot",,
"Rental of Planter/Plant Pot $5.50",0,"Service","Planter Rental","29","No","No",5.5,,"Revenue - General","","","Rental of Planter/Plant Pot",,
"Rental of Planter/Plant Pot $6.00",0,"Service","Planter Rental","30","No","No",6,,"Revenue - General","","","Rental of Planter/Plant Pot",,
"Rental of Planter/Plant Pot $8.00",0,"Service","Planter Rental","31","No","No",8,,"Revenue - General","","","Rental of Planter/Plant Pot",,
"Rental of Potluck Taupe 14"" Round Floor Planter $3.75",0,"Service","Planter Rental","18","No","No",3.75,,"Revenue - General","","","Rental of Planter/Plant Pot",,
"Rental of Selection of Plants for Outdoor Planter",0,"Service","Plant Rentals","11","No","No",25,,"Revenue - General","","","Rental of Selection of Plants for Outdoor Planter",,
"Rental of Small Desktop Planter with Plants",0,"Service","Plant Rentals","6","No","No",10.5,,"Revenue - General","","","Rental of Small Desktop Planter with Plants",,
"Rental of Small Plant (Less than 2' in height)",0,"Service","Plant Rentals","1","No","No",11,,"Revenue - General","","","Rental of Small Plant",,
"Rental of Small Plant - Central Bank  (Less than 2' in height)",0,"Service","Plant Rentals","7","No","No",10,,"Revenue - General","","","Rental of Small Plant",,
"Rental of Vista Metallic 10"" Round Floor Planter $5.00",0,"Service","Planter Rental","19","No","No",5,,"Revenue - General","","","Rental of Planter/Plant Pot",,
"Rental of Vista Metallic 14.5"" Round Floor Planter $9.00",0,"Service","Planter Rental","22","No","No",9,,"Revenue - General","","","Rental of Planter/Plant Pot",,
"Rental of Vista Metallic 6.5"" x 14"" Rectangular Table Top Planter $7.00",0,"Service","Planter Rental","17","No","No",7,,"Revenue - General","","","Rental of Planter/Plant Pot",,
"Rental of Vista Metallic 7"" Round Table Top Planter $4.00",0,"Service","Planter Rental","16","No","No",4,,"Revenue - General","","","Rental of Planter/Plant Pot",,
"Round Flat Plastic Hanging Ornament",34,"Inventory","Souvenirs:Sand & Shells","SSG-48","No","No",11.16,6.47,"Sales of Product Income","Cost of sales","Inventory Asset","Round Flat Plastic Hanging Ornament - SSG-48","Round Flat Plastic Hanging Ornament",20
"Rum Recipes Playing Cards",263,"Inventory","Souvenirs:Playing Cards","Pl Cards 6400","No","No",5.32,2.79,"Sales of Product Income","Cost of sales","Inventory Asset","Rum Recipes Playing Cards - 6400","Rum Recipes Playing Cards",300
"Sales",0,"Service",,,"No","No",,,"Sales","","",,,
"Salt & Pepper Set with Sea, Shells & Starfish",34,"Inventory","Souvenirs:Miscellaneous","16704","No","No",10.19,6.48,"Sales of Product Income","Cost of sales","Inventory Asset","Salt & Pepper Set with Sea, Shells & Starfish - 16704","S/P Set Sea/Shells Starfish",10
"Sand & Shell Bottle with Magnet",15,"Inventory","Souvenirs:Sand & Shells","FS-105B","No","No",5.32,3.16,"Sales of Product Income","Cost of sales","Inventory Asset","Sand & Shell Bottle with Magnet - FS-105B","Sand & Shell Bottle with Magnet",10
"Scallop with Mixes, Shells & Magnet",31,"Inventory","Souvenirs:Sand & Shells","I-1505","No","No",5.8,4.06,"Sales of Product Income","Cost of sales","Inventory Asset","Scallop with Mixes, Shells & Magnet - I-1505","Scallop with Mixes, Shells & Magnet",10
"Sea Horses Magnet",71,"Inventory","Souvenirs:3D Magnets","47035-3DM","No","No",5.81,3.28,"Sales of Product Income","Cost of sales","Inventory Asset","Sea Horses Magnet - 47035","Sea Horses Magnet",10
"Sea Turtle 1 Key Chain",118,"Inventory","Souvenirs:Key Chains","44537","No","No",4.35,1.99,"Sales of Product Income","Cost of sales","Inventory Asset","Sea Turtle 1 Key Chain - 44537","Sea Turtle 1 Key Chain",20
"Sea Turtle 2 Key Chain",32,"Inventory","Souvenirs:Key Chains","55927","No","No",4.35,1.29,"Sales of Product Income","Cost of sales","Inventory Asset","Sea Turtle 2 Key Chain - 55927","Sea Turtle 2 Key Chain",20
"Sea Turtle Life Cycle Guide",36,"Inventory","Souvenirs:Guides","8603","No","No",8.25,3.92,"Sales of Product Income","Cost of sales","Inventory Asset","Sea Turtle Life Cycle Guide","Sea Turtle Life Cycle Card",10
"Sea Turtle Magnet",26,"Inventory","Souvenirs:3D Magnets","47261-3DM","No","No",5.81,4.06,"Sales of Product Income","Cost of sales","Inventory Asset","Sea Turtle Magnet - 47261","Sea Turtle Magnet",10
"Sea Turtle Round Luggage Tag",14,"Inventory","Souvenirs:Luggage Tags","56041","No","No",3.38,1.55,"Sales of Product Income","Cost of sales","Inventory Asset","Sea Turtle Round Luggage Tag - 56041","Sea Turtle Round Luggage Tag",20
"Sea Turtles Blue 3D Bookmark",160,"Inventory","Souvenirs:3D Bookmarks","47261-3DB","No","No",6.3,4.21,"Sales of Product Income","Cost of sales","Inventory Asset","Sea Turtles Blue 3D Bookmark","Sea Turtles Blue 3D Bookmark - 47261",10
"Seavillain Blue 3D Bookmark",23,"Inventory","Souvenirs:3D Bookmarks","47081-3DB","No","No",6.3,3.26,"Sales of Product Income","Cost of sales","Inventory Asset","Seavillain Blue 3D Bookmark","Seavillain Blue 3D Bookmark - 47081",10
"Seavillains Magnet",43,"Inventory","Souvenirs:3D Magnets","47081-3DM","No","No",5.81,3.28,"Sales of Product Income","Cost of sales","Inventory Asset","Seavillains Magnet - 47081","Seavillains Magnet",10
"Shell Plaque Magnet",18,"Inventory","Souvenirs:Sand & Shells","SPM-1","No","No",5.8,3.45,"Sales of Product Income","Cost of sales","Inventory Asset","Shell Plaque Magnet - SPM-1","Shell Plaque Magnet",10
"Shells Playing Cards",52,"Inventory","Souvenirs:Playing Cards","Pl Cards 2700","No","No",5.32,2.79,"Sales of Product Income","Cost of sales","Inventory Asset","Shells Playing Cards - 2700","Shells Playing Cards",50
"Shot Glass Candle",56,"Inventory","Souvenirs:Candles","SG-1","No","No",8.73,5.29,"Sales of Product Income","Cost of sales","Inventory Asset","Shot Glass Candle - SG-1","Shot Glass Candle",10
"Small 3D Shell Bottle",12,"Inventory","Souvenirs:Sand & Shells","SSG-57","No","No",6.3,3.7,"Sales of Product Income","Cost of sales","Inventory Asset","Small 3D Shell Bottle - SSG-57","Small 3D Shell Bottle",10
"Small Wooden Key Ring Pen Knife",262,"Inventory","Souvenirs:Miscellaneous","K-KR","No","No",13.59,7.62,"Sales of Product Income","Cost of sales","Inventory Asset","Small Wooden Key Ring Pen Knife - K-KR","Small Wooden Key Ring Pen Knife",50
"Starfish Candle with Votive",64,"Inventory","Souvenirs:Candles","SSG-44","No","No",16.02,10.07,"Sales of Product Income","Cost of sales","Inventory Asset","Starfish Candle with Votive - SSG-44","Starfish Candle with Votive",10
"Tamarind Ball Pack",203,"Inventory","Souvenirs:Confectionery","Tamarind Ball Pack","No","No",,,"Sales of Product Income","Cost of sales","Inventory Asset","Tamarind Ball Pack","Tamarind Ball Pack",50
"Tiny Bubbles 3D Bookmark",281,"Inventory","Souvenirs:3D Bookmarks","47165-3DB","No","No",6.3,4.06,"Sales of Product Income","Cost of sales","Inventory Asset","Tiny Bubbles 3D Bookmark - 47165","Tiny Bubbles 3D Bookmark",10
"Tiny Bubbles Magnet",428,"Inventory","Souvenirs:3D Magnets","47165-3DM","No","No",5.81,3.26,"Sales of Product Income","Cost of sales","Inventory Asset","Tiny Bubbles Magnet - 47165","Tiny Bubbles Magnet",10
"Tropical Fish Playing Cards",702,"Inventory","Souvenirs:Playing Cards","Pl Cards 2200","No","No",5.32,2.59,"Sales of Product Income","Cost of sales","Inventory Asset","Tropical Fish Playing Cards - 2200","Tropical Fish Playing Cards",200
"Tube of Shells",64,"Inventory","Souvenirs:Sand & Shells","Tube Shells","No","No",3.38,1.95,"Sales of Product Income","Cost of sales","Inventory Asset","Tube of Shells","Tube of Shells",10
"Turtle Crossing Sign",311,"Inventory","Souvenirs:Signs","TC","No","No",6.3,3.91,"Sales of Product Income","Cost of sales","Inventory Asset","Turtle Crossing Sign","Turtle Crossing Sign",20
"Turtle Magnet",65,"Inventory","Souvenirs:3D Magnets","47255-3DM","No","No",5.81,3.26,"Sales of Product Income","Cost of sales","Inventory Asset","Turtle Magnet - 47255","Turtle Magnet",10
"Turtle Quest 3D Bookmark",208,"Inventory","Souvenirs:3D Bookmarks","47048-3DB","No","No",6.3,4.13,"Sales of Product Income","Cost of sales","Inventory Asset","Turtle Quest 3D Bookmark - 47048","Turtle Quest 3D Bookmark",10
"Turtles In Light 3D Bookmark",394,"Inventory","Souvenirs:3D Bookmarks","47181-3DB","No","No",6.3,3.99,"Sales of Product Income","Cost of sales","Inventory Asset","Turtles In Light 3D Bookmark - 47181","Turtles In Light 3D Bookmark",10
"Turtles In Light Magnet",47,"Inventory","Souvenirs:3D Magnets","47181-3DM","No","No",5.81,4.07,"Sales of Product Income","Cost of sales","Inventory Asset","Turtles In Light Magnet - 47181","Turtles In Light Magnet",10
"West Coast Key Chain",312,"Inventory","Souvenirs:Key Chains","40861","No","No",4.35,2.45,"Sales of Product Income","Cost of sales","Inventory Asset","West Coast Key Chain - 40861","West Coast Key Chain",50
"West Coast Luggage Tag",4,"Inventory","Souvenirs:Luggage Tags","40870","No","No",3.38,1.58,"Sales of Product Income","Cost of sales","Inventory Asset","West Coast Luggage Tag - 40870","West Coast Luggage Tag",20
"Wood Handled Bottle Opener",250,"Inventory","Souvenirs:Miscellaneous","WHBO","No","No",7.27,3.99,"Sales of Product Income","Cost of sales","Inventory Asset","Wood Handled Bottle Opener - WHBO","Wood Handled Bottle Opener",100