Name,Company name,Street Address,City,State,Country,Zip,Phone,Email,Attachments,Open balance
Abbey Holdings (St. Nicholas Abbey),Abbey Holdings (St. Nicholas Abbey),St. Nicholas Abbey,Cherry Tree Hill,St. Peter,,,432-6392,anna@stnicholasabbey.com,0,0.00
Amazing Attractions Inc,Amazing Attractions Inc,The Shallow Draft,Bridgetown,St. Michael,,,430-0900 ext 525,cince@fosterincegroup.com,0,0.00
Barbados Museum & Historical Society,Barbados Museum & Historical Society,Garrison,,St. Michael,,,538-0201,bmhsmerchandising@barbmuse.org.bb,0,0.00
Best of Barbados (Head Office),Best of Barbados (Head Office),Welches Plantation,,St. Thomas,,,421-6900,paulettemayers@best-of-barbados.com,0,0.00
Caribbean ARI   (Head office),Caribbean ARI   (Head office),#6 Gibbons Industrial Estate,Gibbons,Christ Church,,,420-1823,"bsmith@caribbeanari.com, dcollins@caribbeanari.com",0,0.00
Coco Express Gift Shop (Coconut Court Hotel),Coco Express Gift Shop (Coconut Court Hotel),Coconut Court Beach Hotel,Hastings,Christ Church,,,427-1655 ext 2327,"cocoexpress@coconut-court.com, llampkin@coconut-court.com",0,0.00
Dover Market,Dover Market,Dover,,Christ Church,,,428-1335,marilyn.k@thedovermarket.com,0,0.00
Free Spirit,Free Spirit,Southern Plaza,Oistins,Christ Church,,,230-5330,suzannebelle@gmail.com,0,0.00
GCS Limited (Ganzee Shops),GCS Limited (Ganzee Shops),#14 Newton Industrial Estate,,Christ Church,,,418-9908,"rosemary.h.alleyne@ganzee.com, shakiracox@ganzee.com",0,328.25
Gifts & Things,Gifts & Things,Sheraton Mall,,Christ Church,,,234-9865,gifts.things2000@gmail.com,0,"1,014.05"
Glitter Bay,Glitter Bay,Porters,,St.James,Barbados,,432-5110,charles.fulton@jumblebee.co.uk,0,0.00
Guardsman Barbados Ltd.,Guardsman Barbados Ltd.,32 Warrens Industrial Park,,St.Michael,Barbados,,573-7008,"bds-finance@guardsmangroup.com, holderj@guardsmangroup.com",0,154.22
Harrisons Cave,Harrisons Cave,Chukka Caribbean Adventures (B'dos) Ltd.,Welchman Hall,St. Thomas,,,417-3700,"njohn@chukka.com, smaynard@chukka.com",0,0.00
Hart Energy and Trading Inc,Hart Energy and Trading Inc,Bannatyne,,Christ Church,Barbados,,437-1255,andrewmshart@gmail.com,0,0.00
His N Hers,His N Hers,12 High Street,Bridgetown,St. Michael,,,436-1129,Karunashyam@caribsurf.com,0,0.00
Island Variety,Island Variety,Hilton Barbados Resort,Aquatic Gap,St. Michael,,,434-5765,wardent@outlook.com,0,0.00
J & H Local Colour,J & H Local Colour,Cruise Passenger Terminal,,St. Michael,,,431-0853,hnwalcott@caribsurf.com,0,0.00
La Tienda,La Tienda,Bougainvillea Beach Resort,Maxwell Coast Road,Christ Church,,,622-1101,nicolemurrell7@gmail.com,0,0.00
Massy Stores,Massy Stores,Sunset Crest,,St. James,,,432-1127,"vanetta.alleyne@massygroup.com, sandra.goddard@massygroup.com, carolyn.walrond@massygroup.com",0,0.00
Monique's Souvenirs,Monique's Souvenirs,Chattle House #9,Bridgetown Port,St. Michael,,,424-8243/426-4919,monicastowe49@gmail.com,0,0.00
Nixs & Naxs Gift Shop,Nixs & Naxs Gift Shop,Savannah Hotel,Garrison,Christ Church,,,829-3270,mycbtg@hotmail.com,0,0.00
One Love Craft Shop,One Love Craft Shop,Chattel House Village,Dover,Christ Chuch,,,844-3573,victorwilkinson@gmail.com,0,0.00
Sandals Barbados (Grande Cass),Sandals Barbados,Dover,,Christ Church,,,620-3600 ext 6807,sbdgiftshop@grp.sandals.com,0,0.00
Seaside Creations,Seaside Creations,Shop #9,Bridgetown Harbour,St. Michael,,,236-6011,rosie_925@hotmail.com,0,0.00
Harriett,Shop #7,,,,,,,,0,0.00
Phylis Fagen,Shop #7 (Port),"Shop #7
Barbados Port",Bridgetown,St. Michael,Barbados,,+1 (246) 230-6207,,0,0.00
Sugar Bay Hotel (La Tienda),Sugar Bay Hotel (La Tienda),Hastings Main Road,,Christ Church,,,622-1101,nicolemurrell7@gmail.com,0,0.00
The Gift Shop Butterfly,The Gift Shop Butterfly,Butterfly Beach Hotel,Maxwell,Christ Church,,,269-6595,dbutterfly@hotmail.com,0,0.00
The Harbour Gift Shop,The Harbour Gift Shop,The Bridgetown Port,,St. Michael,,,832-1335,donnaebrinkman@gmail.com,0,0.00
The Novelty Store,The Novelty Store,St. John Parish Church,,St. John,,,252-9784,,0,0.00
Tiami Catamaran Cruises,Tiami Catamaran Cruises,The Shallow Draught,Bridgetown,,,,430-0900,"ajohnson@amazing-attractions.com, mtrotman@amazing-attractions.com, accounts@amazing-attractions.com",0,627.00
Triple S&A Inc.,Triple S&A Inc.,#29 Benn Hill Woods,Pleasant Hall,St. Peter,,,253-4164,angelafrederickm@gmail.com,0,0.00
Tropical Garden - Formerly Orchid World Ltd.,Tropical Garden - Formerly Orchid World Ltd.,Groves,St. George,,,,433-0306,marketing@foster-ince.com,0,0.00
Views,Views,Chattel House Village,St. Lawrence Gap,Christ Church,,,624-4480,zoetarynethorpe441@gmail.com,0,0.00
809 Design Associates - The Estates at St. George,,Unit #4 #2 Williams Industrial Estate,St. Thomas,,,,,julie@809design.com,0,0.00
A Plus Tours,,Holetown,,St.James,Barbados,,232-4747 (Cleston Adams),aplustoursandevents@gmail.com,0,880.00
A.C.C.P.,,"1st Floor Baobab Tower
Warrens",,St. Michael,,,271-8691,admin@accpolice.org,0,70.50
ABA Family Dental Care,,#5   Sterling,8th Avenue,Belleville,,St. Michael,426-4152,"archerdmd@hotmail.com, leacock_roxanne@icloud.com",0,49.35
Abt Associates,,"Suite 4
Thomas Daniel Building
Hinks Street",Bridgetown,,Barbados,,571-0612,"troy_griffith@abtassoc.com, camille_white@abtassoc.com",0,0.00
Acacia Restaurant,,Bay Street,,St.Michael,Barbados,,537-0077,"michael@terasubarbados.com, accounts@terasubarbados.com, hinds740@gmail.com",0,0.00
Action Charters Inc,,Aberfoyle,Christ Church,,,,418-0002,"info@actioncharters.org, vlasws@gmail.com",0,"1,254.00"
Action Charters Inc - Super Cats,,Aberfoyle,Christ Church,,,,438-3709,"supercats@actioncharters.org, vlasws@gmail.com",0,0.00
Amphora Financial Group,,"2nd Floor CGI Tower
Warrens",,St. Michael  BB22026,,,421-7674,camille.walker@amphoragroup.bb,0,0.00
Andrew Hart,,,,,,,,,0,0.00
Andromeda Botanic Gardens,,Bathsheba,,St.Joseph,Barbados,,248-0190 (Sharon Cooke),sharon@andromedabarbados.com,0,0.00
Ansa McAl (Barbados) Ltd.,,Wildey,,St. Michael,,,4342900,"lorna.gay@mcalbds.com, accounts@mcalbds.com",0,448.86
Ansa Merchant Bank (Barbados) Ltd.,,Hastings Main Road,,Christ Church,Barbados,,467-2375,"jo-ann.griffith@ansamcal.com, joy-ann.farnum@ansamcal.com, ansamerchant@ansamcal.com",0,789.62
ANSA Motors (Barbados) Ltd. - Collision Repairs,,Wildey,,St.Michael,Barbados,,"467-2400, 467-2502","ansamotorsap@ansamotorsbb.com, laura.roach@ansamotorsbb.com",0,876.85
ANSA Motors (Barbados) Ltd. - Sales Department,,Wildey,,St. Michael,,,"467-2400, 467-2502","clintona.norville@ansamotorsbb.com, rianne.springer@ansamotorsbb.com, ansamotorsap@ansamotorsbb.com",0,"3,871.68"
AnSA Motors (Barbados) Ltd. - Service,,"""Service Centre""
Wildey",,St. Michael,,,467-2502,"ansamotorsap@ansamotorsbb.com, jason.marshall@ansamotorsbb.com,  rianne.springer@ansamotorsbb.com",0,509.36
AON Insurance Managers (B'dos) Ltd.,,P.O. Box 1304,,Bridgetown,,,436-4895 ext 2230,aonbarbadosadmin@aon.com,0,412.43
Armstrong Agencies Ltd.,,Lower Estate,,St. Michael,,,426-2767,"accounts@armstrong.com.bb, ann@armstrong.com.bb",0,202.69
Armstrong Health Care Inc.,,"One Armstrong Place, Lot #13
Resilience Way, Lower Estate",,St. Michael,,,417-7979,ahciaccounts@armstrong.com.bb,0,"1,309.53"
Atlantis Adventures,,"P.O.Box 394
Shallow Draft",Bridgetown,,Barbados,,436-8968,"wscott@atlantissubmarines.com, rgmyers@atlantissubmarines.com, eforde@atlantissubmarines.com",0,"1,320.00"
Automotive Art,,Wildey,,St. Michael,,,426-1800,"nikitajoseph@automotiveart.com, chericeholford@automotiveart.com, chrismaloney@automotiveart.com",0,0.00
B'dos Coalition of Service Industries Ltd,,"Building 2 Suite 1A
Manor Lodge Complex
Green Hill",,St. Michael,Barbados,,429-5357,"gclarke@bcsi.org.bb, sclarke@bcsi.org.bb, accounts@bcsi.org.bb",0,0.00
B.H.S.,,C/O Design Collaborative,"Lauriston House, Collymore Rock",St. Michael,,,426-1741,b.blackman-bhs@caribsurf.com,0,197.40
Back Into Motion Physiotherapy,,"#20 Pavillion Court, Hastings",,Christ Church,,,262-2436,"info@bim.physio, rnoble@bim.physio, cbanfield@bim.physio",0,0.00
Bank of Nova Scotia - Corporate & Commercial Banking,,"4th Floor, CGI Building, Warrens",,St. Michael,,,431-3040,"sherrise.alleyne@scotiabank.com, cebillings@scotiabank.com",0,0.00
Bank of Nova Scotia Broad Street Branch,,Broad Street,,Bridgetown,,,431-3129,"cebillings@scotiabank.com, charlene.berry@scotiabank.com, ryan.carrington@scotiabank.com",0,0.00
Bank of Nova Scotia Haggatt Hall Branch,,Haggatt Hall,,St. Michael,,,430-6135,"bonnie.springer@scotiabank.com, cebillings@scotiabank.com",0,0.00
Bank of Nova Scotia Holetown Branch,,Holetown,,St. James,,,419-1602,"raymondr.green@scotiabank.com, cebillings@scotiabank.com",0,0.00
Bank of Nova Scotia Processing Support Centre,,"Byer Court, Wildey",,St. Michael,,,426-7000,cebillings@scotiabank.com,0,0.00
Bank of Nova Scotia Rockley Branch,,Rockley,,Christ Church,,,431-3172,"kemar.stevenson@scotiabank.com, raymondr.green@scotiabank.com, cebillings@scotiabank.com",0,0.00
Bank of Nova Scotia Systems Support Centre,,Broad Street,,Bridgetown,,,,,0,0.00
Bank of Nova Scotia Wildey Branch,,Wildey,,St. Michael,,,430-1284,kelly.lucas@scotiabank.com,0,0.00
Barbados Bottling Company Ltd,,Thornbury Hill,,Christ Church,Barbados,,,sbrewster-charles@koscab.com,0,0.00
Barbados Cricket Association,,Fontabelle,,St.Michael,,Attn : Bonita Thompson-Gooding,538-1932,"theoffice@bca.org.bb, vhaynes@bca.org.bb, kgrant@bca.org.bb",0,0.00
Barbados Deposit Insurance Corporation,,5th Floor Tom Adams Financial Centre,,Bridgetown,,,435-2663,dskinner@bdic.org.bb,0,0.00
Barbados Fertility Centre,,"Seaston House
Hastings",,Christ Church,,,435-7467,calexander@barbadosivf.com,0,152.75
Barbados Golf Club,,Durants,Christ Church,,,,538-4653,"jscheper@barbadosgolfclub.com, sedwards@barbadosgolfclub.com",0,0.00
Barbados International Business  Association,,"19 Pine Road
Belleville",,St.Michael,Barbados,,537-2422 ext 1010,"adminassistant@biba.bb, biba@biba.bb",0,277.59
Barbados Investment & Development Corp.,,P.O. Box 1250,,Bridgetown,,,427-5350,"invoices@bidc.org, accounts@bidc.org",0,"2,143.23"
Barbados Light & Power Co. Ltd.,,Bay Street,,Bridgetown,,,626-4257,"majella.gooding@blpc.com.bb, tanya.quarless@blpc.com.bb, blpc_invoices@blpc.com.bb",0,"2,387.60"
Barbados Light & Power Co. Ltd. Spring Garden,,Spring Garden Highway,,St Michael,,Attention Ms. S. Simmons,,"sandee.simmons@blpc.com.bb, tanya.quarless@blpc.com.bb, blpc_invoices@blpc.com.bb",0,"1,015.20"
Barbados National  Oil Company Limited,,Woodbourne,,St.Philip,Barbados,,418-5200 (Rodney Alkins),"alkinsr@bnocl.com, adminr@bnocl.com",0,0.00
Barbados National Terminal Company Limited,,Woodbourne,,St.Philip,Barbados,BB18064,418-5203,Hazlewoods@bnocl.com,0,0.00
Barbados National Trust,,"Wildey Great House
Wildey",,St.Michael,Barbados,,426-2421,operations@barbadosnationaltrust.com,0,0.00
Barbados Port Inc.,,"University Row
Princess Alice Highway",,Bridgetown,,,434-6131,"kforde@barbadosport.com, cwaithe@barbadosport.com, csoudatt@barbadosport.com",0,"1,528.08"
Barbados Shipping Association,,2nd Floor Trident House,,Bridgetown,Barbados,,427-9860,"julianne@shippingbarbados.com, be.banne@shippingbarbados.com",0,367.49
Barbados Tourism Investment Inc.,,"Old Town Hall Building
Cheapside",,Bridgetown   BB11142,,,426-7085,"vtaitt@tourisminvest.com.bb, mbyer@tourisminvest.com.bb",0,978.78
Barbados Turf Club,,P.O. Box 201,,Bridgetown,,,626-3980,"rpeirce@barbadosturfclub.org, vgaskin@barbadosturfclub.org, chutchinson@barbadosturfclub.org",0,0.00
Barbados Wildlife Reserve,,Farley Hill,St. Peter,,,,422-8826,k.harrison.bprc@gmail.com,0,660.00
BCIC Barbados,,"Manor Lodge,  Green Hill",,St. Michael,,,621-7346,"alexandral@bcicbarbados.com, accounts@bcicbarbados.com, barbadosbillings@bcicbarbados.com",0,732.04
Beach View Property Ltd,,Payne's Bay,,St.James,Barbados,,432-2300,hnwalcott@caribsurf.com,0,0.00
Bean and Bagel South,,"Rockley Golf Course
Rockley",,Christ Church,,,230-9547 (Philip),"philipjmayers@yahoo.com, rich50@mac.com",0,0.00
Beautiful Barbados Tours & Excursions Ltd.,,#72 Crystal Court,St. James,,,,437-6823,sarah@glorytours.org,0,"1,254.00"
BIDC (Pelican Village),,,,,,,427-5350,accounts@bidc.org,0,0.00
BioConnect Medical Centre,,"The Avenue
Canewood",,St.Michael,Barbados,,842-8339 (Raffaella),"rachel@bioconnectmedical.com, accounts@bioconnectmedical.com",0,0.00
Bitt Digital Inc,,"Mahogany Court,
Wildey Business Centre",,St.Michael,Barbados,,840-9859,"brittany@bitt.com, kathyannmaynard@bitt.com",0,0.00
Bixal,,"Cedar Court
Wildey",,St.Michael,Barbados,,253-3375 (Hazel),"hazel.harrison@bixal.com, kim.roberts@bixal.com, accounting@bixal.com",0,0.00
Blu Isles Destination Management Company,,Old Coverley,,Christ Cjurch,Barbados,,,accounts@bluisles.com,0,0.00
Blue Corporate Managers (B'dos) Inc.,,Braemar Court,Deighton Road,,,St. Michael   BB14017,467-6672,"mjeffers@thebluefinancialgroup.com, info@thebluefinancialgroup.com",0,0.00
Blue Diamond Resorts,,"1st Floor Dome Mall
Warrens",,St. Michael,,,266-8758,"accountantbgi@bluediamondresorts.com, cspooner@bluediamondresorts.com",0,0.00
Blue Haven,,60 Dover Gardens,,Christ Church,Barbados,,428-2290,tropicalmist@southgapbarbados.com,0,0.00
Blue Horizon Hotel,,Rockley,Christ Church,,,,,"mcollymore@innjoyhospitality.com, jhoyte@innjoyhospitality.com",0,162.16
Blue Lab,,"c/o UNDP
United Nations House
Marine Gardens",,Christ Church,Barbados,,467-6023,greta.puckerin@undp.org,0,0.00
Blue Nova Inc.,,"#3 Stafford House
Garrison",,St.Michael,,BB14038,429-2069,finance@bluenova.com,0,0.00
Blueprint Creative Inc,,Lower Estate,,St.Michael,Barbados,,436-1522,Vanessa@blueprintcreativeinc.com,0,0.00
Blueprint Management,,"2nd Floor
Hastings Financial centre",Hastings,Christ church,Barbados,BB15154,573-8858,"josee@blueprintbarbados.com, accounts@blueprintbarbados.com",0,278.77
Body Magic Day Spa Inc,,"The Beach House Complex
Holetown",,St.James,Barbados,,832-2639 (Jalissa),bodymagicdayspa@outlook.com,0,123.38
Bridgetown Duty Free,,2nd Floor,Bridgetown,,,,836-6250,"Kay.Richards@dfch.com, andrea.stoute@dfch.com",0,0.00
Brookfield Asset Management Services SRL,,Rendezvous Corporate Centre,,Rendezvous,,Christ Church  BB15131,537-5088,apbarbados@brookfield.com,0,448.85
Bryden's (Trident) Insurance Inc.,,"Suite 400 Norman Centre
Broad Street",,Bridgetown,,,"431-3611, 431-3602","charmaine.st.hill@brydensinsurance.com, jason.gill@brydensinsurance.com, nicole.mason@tridentins.com",0,0.00
Brydens Stokes Ltd.,,"Meadow Road, Wildey",,St. Michael,,,467-2233,mintie.patrick@brydenstokes.com,0,0.00
Bushy Park Circuit Inc.,,Bushy Park,St. Philip,,,,256-0114,"awillis@bushyparkbarbados.com, frontdesk@bushyparkbarbados.com",0,660.00
Business & Employment Centre,,"Kensington Court, Fontabelle",,St. Michael,,BB11000,537-7243,accounting@bbempcent.com,0,295.22
Butterfly Beach Hotel,,Maxwell Main Road,,Christ Church,Barbados,,428-9095,,0,0.00
"C. Anthony Audain, Aastra Law",,Aastra House,St.Matthias,Christ Church,Barbados,,629-0048,"dawnb@aastralaw.com, caaudain@aastralaw.com",0,92.53
C.A.L.,,The Corporate Centre,Bush Hill,Bay Street,,St. Michael,430-5310,cattong@capps.com,0,0.00
Cacique Magazine,,"Gecko Publishing
13 Kelly's Road, Wheatley",,Oxford OX3 1NT,UK,,,"gavin@geckomags.com, craig@geckomags.com",0,"2,591.72"
Cage Barbados Inc.,,43-44 Warrens Industrial Park,,St. Michael  BB22026,,,425-0718,"asinclair@cagebarbados.com, ljones@cagebarbados.com",0,"1,339.50"
Calabaza,,"Apt. B 246, Trident Ave. South",St. James,,,,826-4048,sailcalabaza@gmail.com,0,0.00
Canada Life Assurance Co. (B'dos Branch),,"4th Floor Cedar Court
Wildey",,St. Michael,,,227-1000,"rosalind.hampden-browne@canadalifere.bb, heather.grant@londonlife.bb",0,427.41
Canada Life International Reinsurance (Barbados) Corporation,,"3rd Floor Cedar Court
Wildey",,St. Michael    BB14006,,,227-1000,"rohnelle.primus@londonlife.bb, creceita.alleyne@canadalifere.bb",0,122.20
Canewood (Figtree Financial Group Ltd),,"2nd Floor Building #1
Chelston Park",,St.Michael,Barbados,,537-7800,accounts@figtreegroup.com,0,217.67
Canfornav Inc.,,"Unit #3, The Williams One Building, Warrens",,St. Michael,,,271-8270,"rbest@canfornavbarbados.com, info@canfornavbarbados.com, twelch@canfornavbarbados.com",0,0.00
Cannon Charters,,28 Prior Park,St. James,,,,424-6107,cannonbarbados@gmail.com,0,627.00
Capital Holdings (Barbados) Limited,,The Corporate Centre,Bush Hill,,,St. Michael   BB14038,832-0928 (Romario),"neil.mcintyre@terracaribbean.com, fmaccounts@terracaribbean.com",0,289.05
Caribbean Catalyst Inc.,,River Road,,Bridgetown,,,426-0821,"althea.browne@caribbeancatalyst.com, angela.boyce@caribbeancatalyst.com",0,0.00
Caribbean Consultants,,"Edghill Building
Wildey Business Park",,St.Michael,Barbados,,435-3479,"accounts@ccl.bb, pgooding@ccl.bb, ewaithe@ccl.bb",0,382.46
Caribbean Corporate Services Ltd.,,"P.O. Box 5130
Warrens",,St. Michael   BB28000,,,430-3945,"cyrlene.odle@vistra.com, cheryl.browne@vistra.com",0,162.15
Caribbean Dreams - B'dos Holiday Map,,Guinea,St. John,,,,423-0039,nicole.caribbeandreams@gmail.com,0,0.00
Caribbean LED  Lighting Inc,,"Unit 1, Dega Complex",Lower Estate,St.Michael,Barbados,,621-0092 ext 106,"tskeete@caribbeanledlighting.com, nmaughn@caribbeanledlighting.com",0,0.00
Caribbean Transportation Inc.,,"First Floor, 2 Chelston Park
Culloden Road",,St.Michael,,,430-0560,kelamarshall@cti.com.bb,0,310.20
Caricom Development Fund,,"1st Floor East
Skymall
Haggatt Hall",,St.Michael,Barbados,,436-1849,aparris@caricomdf.org,0,740.25
Carter & Company,,Wildey,,St.Michael,Barbados,,,brianhurley@carters.bb,0,0.00
Castaways Restaurant,,St.Lawrence Gap,,Christ Church,Barbados,,231-8310,"castawaysbarbados@hotmail.com, nadia_castawaysbarbados@hotmail.com",0,0.00
Cave Hill School of Business,,"University of the West Indies
P.O. Box 64",,Bridgetown,,,424-7731,"cheryl.smith@cavehill.uwi.edu, maria.daniel@cavehill.uwi.edu",0,0.00
Cave Shepherd & Co Ltd,,Norman Centre,Bridgetown,,Barbados,,538-4435,keri.mapp@caveshepherd.com,0,0.00
Central Bank Of Barbados,,"Tom Adams Financial Centre, Church Village",,Bridgetown,,Attention : Paula Trotman,436-6870,paula.trotman@centralbank.org.bb,0,0.00
CG United Insurance Ltd.,,P.O. Box 1215,,Bridgetown,,Attn. Accounts Payable,430-1943,"suann.chapman@cgcoralisle.com, marva.blackman@cgcoralisle.com",0,"1,035.17"
CGM Gallagher Ins. Brokers (B'dos)  Ltd.,,Haggatt Hall,,St. Michael,,,434-2200,"PayablesCGMB@cgmgallagher.com, shaniquagreaves@cgmgallagher.com",0,372.48
Che's Surf School,,Ashford Plantation,,St.John,Barbados,,253-4834,chesurflessons@gmail.com,0,0.00
Chicken Barn Ltd (Worthing),,"P.O.Box 71W
Worthing",,Christ Church,,,233-5838,"chickenbarnoffice@gmail.com, phynam@caribsurf.com",0,0.00
Chicken Barn Ltd. (Woodside),,"Woodside Gardens
Bay Street",,St. Michael,,,233-5838,"chickenbarnoffice@gmail.com, phynam@caribsurf.com",0,0.00
CIBC Caribbean,,"Head Office Building, Warrens",,St. Michael,,Attention : Adrian Richards,367-2242 (Adina),"acctpay@cibcfcib.com, adrian.richards@cibcfcib.com, adina.vaughan@cibcfcib.com",0,198.87
CIBC First Caribbean - Corporate Investment,,"Head Office Building, Warrens",,St.Michael,,Attn : Gillian Charles-Gollop,467-8768,"acctpay@cibcfcib.com, adrian.richards@cibcfcib.com, Karen.Sheafe-Bynoe@cibcfcib.com",0,0.00
CIBC First Caribbean - Oistins Branch,,Oistins,,Christ Church,,,418-8112,"colleen.webster@cibcfcib.com, nicole.gibson@cibcfcib.com",0,0.00
CIBC First Caribbean - Property Services,,Warrens,,St. Michael,,Attention : JeNeil Philip,467-1832,"adrian.richards@cibcfcib.com, acctpay@cibcfcib.com, Karen.Sheafe-Bynoe@cibcfcib.com",0,0.00
CIBC First Caribbean - Wealth Management Centre,,Warrens,,St. Michael,,Attention : Dionne Boyce,367-2040 (Dionne),"joy.greenidge@cibcfcib.com, acctpay@cibcfcib.com, julieann.green@cibcfcib.com",0,0.00
CIBC Reinsurance,,"CIBC Centre, Warrens",,St. Michael,,,367-2489,"david.self@wi.cibc.com, cibcre.finance@wi.cibc.com, jacqueline.mahon@wi.cibc.com",0,0.00
Codrington College  Cafe,,Codrington College,,St.John,Barbados,,537-0077,"michael@terasubarbados.com, accounts@terasubarbados.com",0,0.00
Coles Printery Ltd.,,Wildey,,St. Michael,,,537-9000,"lulu@colesprintery.com, accounts@coles-media.com",0,0.00
Concorde Bank Ltd.,,P.O. Box 261,,Bridgetown,,,430-5320,"concorde@concordebb.com, sharmainevaughan@concordebb.com",0,463.54
Constellation Brands Intl. IBC Inc.,,Letchworth House,Building #1,The Garrison,,St. Michael,537-9768,judith.mckree@cbrands.com,0,0.00
Consumers Guarantee Insurance Co. Ltd.,,River Road,,St. Michael,,,367-3809,kcurwen@insurecgi.com,0,0.00
Consumers Guarantee Insurance Head Office,,"CGI Building, Warrens",,St.Michael,,,367-3827,kcurwen@insurecgi.com,0,213.85
Cool Runnings Catamaran Cruises,,Carlisle House,Bridgetown,,,,436-0911,info@coolrunningsbarbados.com,0,660.00
Coralisle Medical Insurance Ltd.,,"Unit 3D, The Dormers, Prior Park",,St. James,,,538-4444,"alicia.sobers@cgcoralisle.com, tina.fox@cgcoralisle.com",0,0.00
Cosy Cafe,,Speightstown,,St.Peter,Barbados,,828-6592,coffeebros.bb@gmail.com,0,102.41
Courtesy Garage Ltd.,,Wildey,,St. Michael,,,431-4187 (Direct),cgl.accountspayable@thegelgroup.com,0,431.24
Courtesy Garage Sales Department,,Wildey,,St.Michael,Barbados,,431-4121,"hartleneoughterson@thegelgroup.com, cgl.accountspayable@thegelgroup.com",0,244.69
Creditinfo Barbados Ltd,,Collymore Rock,,St.Michael,Barbados,,231-8332,"afowler@creditadvicebarbados.com, rholder@creditadvicebarbados.com",0,0.00
Crystal Beach Apartments,,1 Club Morgan Ridge,,Christ Church,Barbados,,,alicia@barnard-realty.com,0,131.60
Deloitte Services Ltd.,,The Goddard Building,,Haggatt Hall,,St. Michael   BB11059,620-6400,"swalton@deloitte.com, bb.nexus@deloitte.com",0,291.40
Derriere Restaurant,,"Limegrove Mall
Holetown",,St.James,Barbados,,233-5112,"papajules@lacabanebarbados.com, info@derriererestaurant.com",0,484.98
Design Collaborative,,"Lauriston House
Collymore Rock",,St. Michael,,,426-1741,"accounts@design-collaborative.net, b.blackman-bhs@caribsurf.com",0,310.20
DGM Financial Group,,"Level 3 Cedar Court
Wildey",,St. Michael  BB14006,,,434-4850,"pforde@dgmgroup.com, mstoute@dgmgroup.com, ldavis@dgmgroup.com",0,902.40
Diamonds International Broad Street,,"Finbarr House
Lower Broad Street
Bridgetown",,St.Michael,Barbados,,430-2400,"kali@shopdi.com, smckeever@shopdi.com, csmall@shopdi.com",0,225.31
Diamonds International Limegrove,,"Limegrove Mall
Holetown",,St.James,Barbados,,266-8725 (Sharron),"smckeever@shopdi.com, csmall@shopdi.com, kali@shopdi.com",0,192.41
Digicel (Barbados) Ltd.,,2nd Floor Williams Towers,Williams Industrial Complex,,,St. Michael   BB22026,467-7078,"finance-bds_finance_payables@digicelgroup.com, mark.lewis2@digicelgroup.com",0,687.38
Digital Rez International Inc.,,"'Shasta House', Upper Bay Street",,St. Michael,,,436-3739,ryanb@digitalrez.com,0,109.57
Diproinduca,,"Edghill Building
Wildey Business Park",,St.Michael,Barbados,,537-1450,"gsmart@diproinduca.com, dblfinance@diproinduca.com",0,0.00
Dive West Side,,"The Boatyard
Bay Street",Bridgetown,,Barbados,,,westsidescuba@gmail.com,0,0.00
DMG Mechanical Reinsurance SCC,,"Palm Beach Corporate Centre, Lower Ground Floor, Hastings",,Christ Church,,BB15156,436-9051,bcarter@dmg.bb,0,0.00
Doug's Realty Ltd.,,5 Sterling,8th Avenue,Belleville,,St. Michael,426-7108,customersupport@dougsrealty.net,0,0.00
Earthworks,,Edgehill Heights No. 2,St. Thomas,,,,425-0223,eworks@caribsurf.com,0,627.00
Eckler Ltd.,,Hastings House,Balmoral Gap,,,Christ Church   BB14034,228-0865 ext 2223,"jsteinbok@eckler.ca, jsteinbok@eckler.ca",0,0.00
El Tigre Cruises,,28 Prior Park,St. James,,,,417-7245,"info@smallcatscruises.com, info@eltigrecruises.com, abigail@eltigrecruises.com",0,627.00
El Tigre Cruises Ltd.,,28 Prior Park,St. James,,,,417-7245,"info@eltigrecruises.com, abigail@eltigrecruises.com, info@smallcatscruises.com",0,627.00
Elegance Catamaran Cruises - Callyat Cruises Ltd.,,20A 3rd Avenue,Christ Church,,,,830-4218,"eileencst@aol.com, elegancebarbados@aol.com",0,0.00
Embassy of Brazil,,"""Hy Brasil""",The Courtyard,Hastings,,Christ Church,427-1735 Ext 131,"angela.weatherhead@itamaraty.gov.br, administ.bridgetown@itamaraty.gov.br",0,0.00
Emera Caribbean Inc.,,P.O. Box 142,,Garrison Hill,,St. Michael  BB11000,626-5003,"dawn.martin@emeracaribbean.com, silvesteen.rock@emeracaribbean.com",0,0.00
Essential Clinic (ARS Medicae Inc),,"No 14 6th Avenue
Belleville",,St.Michael,Barbados,,,"gregorywalton98@gmail.com, tessaleewalton@gmail.com",0,61.69
European External Action Service,,Hastings,,Christ Church,,,434-8501,delegation-barbados@eeas.europa.eu,0,591.62
European Intl. Reinsurance Co. Ltd.,,Carleton Court,High Street,,,Bridgetown,429-6019,andre_burgess@swissre.com,0,0.00
EY Management Ltd.,,P.O. Box 261,,Bridgetown,,,430-3900,annie.wharton@bb.ey.com,0,601.02
EZ Shop Convenience,,,,,,,,ezshopconvenience@gmail.com,0,0.00
F.A.O.,,"United Nations House
Marine Gardens",,Christ Church,,,426-7110,"SLC-Invoices@fao.org, Grace.Brome@fao.org, stuart.sampson@fao.org",0,267.90
First Caribbean International Bank,,Broad Street,,Bridgetown,Att. Mrs. Karen Sheafe-Bynoe,,467-1428 (Karen),"Acctpay@cibcfcib.com, karen.sheafe-bynoe@cibcfcib.com",0,0.00
First Citizens Bank (Barbados) Limited,,Broad Street,,Bridgetown,,,431-4548,daidre.clarke@firstcitizensbb.com,0,0.00
First Citizens Bank (Barbados) Ltd,,Collymore Rock,,St. Michael,,,431-4548,daidre.clarke@firstcitizensbb.com,0,0.00
Fish Attack (Barbados Sport Fishing),,#28 Prior Park Terrace,St. James,,,,231-7975,gofishingbarbados@gmail.com,0,0.00
Flower Forest Botanical Gardens,,C/o. Thelan Inc.,St. Joseph,,,,433-8152,eworks@caribsurf.com,0,627.00
Fortress Fund Management Ltd.,,Radley Court,,Upper Collymore Rock,,St. Michael   BB14004,431-2198,"tina@fortressfund.com, jonathan.woods@fortressfund.com",0,230.30
Forvest Global Wealth Management (Barbados) Ltd,,"Pine Lodge Suite #4
#26 Pine Road",,St.Michael,Barbados,BB11113,537-3002,"aalleyne@argentummgmt.com, rwalkes@argentummgmt.com",0,159.80
Franco Nevada International Corporation,,Balmoral Hall,Balmoral Gap,Hastings,,Christ Church,434-8200,"ying@franco-nevada.com, nicholas@franco-nevada.com, fnb.accountspayable@franco-nevada.com",0,192.70
Fresko Restaurant,,limegrove Mall,,St.James,Barbados,,271-4704 Marion Chase,accounts@freskobarbados.com,0,57.28
G.C.S. (St.Lucia) Ltd,,"Marice Mason Avenue
San Souci",Castries,,St.Lucia,,+1 758 285-1771,"latoyasealy@ganzee.com, rosemary.h.alleyne@ganzee.com",0,0.00
GCS Grenada Limited,,"101 Esplanade Mall
Melville Street, Box 3805",St.Georges,,Grenada,,1 473 405 5211,daphranurse.gcs@spiceisle.com,0,0.00
General Accident  Insurance Company (B'dos.) Limited,,"The Dome
Warrens",,St.Michael,Barbados,,538-2200,"wanda.mayers@genac.com, infobb@genac.com",0,220.62
Gildan Activewear SRL,,Newton,Christ Church,,,,753-8257,rjadams@gildan.com,0,"4,194.76"
Go Rent A Car,,Bay Street,St. Michael,,,,228-4646,"ryan@gocarsbb.com, accounts@gocarsbb.com",0,627.00
Goddard Enterprises Ltd.,,"The Goddard Building, Haggatt Hall",,St. Michael,,,430-5715,"shareka.clarke@thegelgroup.com, stephanie.edghill@thegelgroup.com",0,662.71
Goldcorp Trading GmbH,,2nd Floor Cedar Court,,Wildey Business Park,,St. Michael,434-1120,"rosalyn.worrell@goldcorp.com, lisa.joseph@goldcorp.com",0,0.00
Golden View,,Sunset Crest,,St.James,Barbados,,537-4653,manager.goldenviewbarbados@gmail.com,0,978.21
Great Pacific Insurance Ltd.,,"P.O. Box 5046
Warrens",,St. Michael   BB28000,,,417-3400,sfranklyn@greatpacificgroup.com,0,256.15
Haggatt Hall Holdings,,The Goddards Building,Haggatt Hall,St.Michael,Barbados,,426-1077,"fmaccounts@terracaribbean.com, liza.farley@terracaribbean.com",0,114.56
Harbour Lights,,Marine Villa,St. Michael,,,,436-7225,contactus@harbourlightsbarbados.com,0,"1,254.00"
Harrison's View,,"#4 Golf Club Gardens
Rockley",,Christ Church,Barbados,,832-1741 (Nick),fishinginbarbados@gmail.com,0,"3,960.00"
Hastings Business Centre (Eppley),,"C/o Altman Real Estate
Rosebank
Derricks",,St.James,Barbados,,537-0840,"neville.boxill@altmanbarbados.com, cheryl.small@altmanbarbados.com",0,318.42
Hastings Flower Mart,,Cr Harts Gap & Hastings Main Road,,Christ Church,Barbados,BB15156,228-5625,flowermart.bb@gmail.com,0,0.00
Hastings House,,Balmoral Gap,,Hastings,,Christ Church BB14034,228-0865,"msteinbok@eckler.ca, jsteinbok@eckler.ca",0,0.00
Hayman's Market,,Hayman's,,St.Peter,Barbados,,419-0055,"vanessa.weatherhead@sungroupinc.net, accounts@haymansmarket.com",0,626.99
Heritage Life Sciences,,"Unit 5, 1st Floor
Dome Mall",Warrens,St. Michael,Barbados,,622-2416 or 233-5433,"d.edinboro@hlstherapeutics.com, heritagefinance@hlstherapeutics.com",0,355.74
High Seas Charters,,#59 Regency Park,Christ Church,,,,427-6032,highseasbarbados@hotmail.com,0,0.00
Hightide Watersports,,Coral Reef Club,St. James,,,,432-0931,info@divehightide.com,0,660.00
HIPAC Ltd.,,Fontabelle,,St. Michael,,,427-5621,"hip.accounts@thegelgroup.com, anne.marshall@thegelgroup.com, olivia.bishop@thegelgroup.com",0,172.74
IGT Global Services Limited,,"""Waterfront""",Independence Square,,,Bridgetown,431-9831,"liza.estwick@igt.com, shellyann.heechung@igt.com, mecha.springer@igt.com, raquel.bowen@igt.com",0,0.00
Imperial Trading,,"1st Floor Thomas Daniel Building
Hincks Street",,Bridgetown,,,622-0015,"marva@itlbarbados.com, cherryann@itlbarbados.com",0,70.50
In House Sales,,,,,,,,,0,0.00
Indoor Plant Services,,"Kumara
The Mount",,St.George,Barbados,,429-0474,francia@caribsurf.com,0,0.00
Indramer Inc,,"C/O Terra Caribbean
Worthing",,Christ Church,,,262-2248 (Kelly),"fmaccounts@terracaribbean.com, accounts@terracaribbean.com",0,49.35
Inter-American Development Bank (IADB),,"'Hythe', Welches, Maxwell Main Road",,Christ Church,,BB17068,627-8500,"dmayers@iadb.org, idbbarbados@iadb.org",0,631.86
International Aircraft Management,,Grantley Adams International Airport,,Christ Church,,,428-1704,"msmith@iamjetcentre.com, dario.best@signatureflight.com",0,267.02
Intimate Hotels of Barbados,,Barbados Hotel & Tourism Association,4th Avenue,Belleville,,St. Michael,436-2053,mdoyle@intimatehotelsbarbados.com,0,0.00
Island Developments Ltd (Walker's Reserve),,Walkers,,St.Andrew,Barbados,,622-4097,"elize@wirred.org, meike@wirred.org",0,0.00
Island Explorer Tours,,#64 Atlantic Shores,Christ Church,,,,832-8687,book@barbadosbookings.com,0,0.00
Island Heritage Insurance Co. Ltd.,,"Suites 1 & 2 Courtyard Building
The Courtyard
Hastings",,Christ Church,,,434-2800,"taustin@islandheritage.bb, tparris@islandheritage.bb, calleyne@islandheritage.bb",0,825.44
Island Safari,,CWTS Complex,St. Michael,,,,429-5337,eva.marshall@islandsafari.bb,0,626.99
Island Villas,,"Trents Building, Holetown",,St.James,Barbados,,422-3333,tonyal@island-villas.com,0,0.00
ITI Inc.,,"Limegrove, Holetown",,St. James,,,622-0173,"sjordan@inspiredtechint.com, mclarke@inspiredtechint.com",0,230.01
J & T Trust Inc.,,Radley Court,,Upper Collymore Rock,,St. Michael  BB14004,430-8650,"hhinds@jtbanktrust.com, accountsdept@jtbanktrust.com",0,0.00
Jamaica Money Market Brokers,,2nd Floor Hastings Business Center,Hastings,Christ Church,Barbados,,537-5662,"michael_jordan@jmmb.com, Payables_Group@jmmb.com, Jermaine_McLean@jmmb.com, andrea_branford@jmmb.com",0,246.75
Just Cruisin,,Barbados Port,Bridgetown,St.Michael,Barbados,,,laviniapowers@gmail.com,0,0.00
Karen (Store All),,,,,,,,,0,0.00
Karuna Thani,,Rendezvous Ridge,,Christ Church,Barbados,,,,0,0.00
Kayla Foods Intl. (Barbados) Inc.,,2nd Floor,#27 Pine Road,Belleville,,St. Michael,228-9505,"giselles@kaylafoodsintl.com, info@kaylafoodsintl.com",0,158.63
KPMG,,"Mutual Building, Hastings",,Christ Church,,,434-3900,"ngriffith@kpmg.bb, jaforte@kpmg.bb, apinvoices@kpmg.bb",0,66.98
Lady Gollop,,"24 Apple Grove
Warners Terrace",,Christ Church,,,437-0928,"ygollop@hotmail.com, rakowlessar@gmail.com",0,131.60
Legacy Charters Inc.,,Lot A,Christ Church,,,,822-8228,jcljones@me.com,0,"2,640.00"
Lex Caribbean,,"Worthing Corporate Centre
Worthing",,Christ Church,,,"539-3757, 539-8614",accounts@bb.lexcaribbean.com,0,512.60
Lickrish Food Tours,,2nd Avenue Club Morgan,Christ Church,,,,622-1886,"lickrishfoodtours@hotmail.com, info@lickrishfoodtours.com",0,"2,640.00"
Lifetime Co-Operative Credit Union,,"1st Floor Dockland Place, Cavans Lane",,Bridgetown,,,431-0803,info@lifetimecu.com,0,0.00
Limegrove Lifestyle Centre Association Ltd.,,Holetown,,St.James,Barbados,,620-5463,jacqui@limegrove.com,0,0.00
London Life & Casualty (B'dos) Corp.,,"4th Floor Cedar Court
Wildey",,St. Michael,,,227-1000,"rosalind.hampden-browne@canadalifere.bb, heather.grant@londonlife.bb",0,427.41
London Life Insurance Co. Barbados Branch,,"4th Floor Cedar Court
Wildey",,St. Michael,,,227-1000,"rosalind.hampden-browne@canadalifere.bb, heather.grant@londonlife.bb",0,0.00
Lynch Insurance Brokers Ltd.,,"Sky Mall
Haggatt Hall",,St. Michael,,,426-5062,"gregoryrose@lynchbrokers.com, sharon.greene@lynchbrokers.com, melissa@sentry.com.bb",0,562.83
Manufacturers P & C Ltd.,,The Goddard Building,,Haggatt Hall,,St. Michael   BB11059,227-3009,barbados_finance@manulife.com,0,759.05
Mark Wilson,,Uplands,,Christ Church,Barbados,,572-5008,markwilson2007@gmail.com,0,0.00
Massy Properties,,P.O. Box 1214,,Bridgetown,,,429-5687,"finance.bb@massyproperties.com, sharlene.maynard@massygroup.com",0,0.00
Massy Technologies InfoCom (Barbados) Ltd,,"Geddes Grant Building, Whitepark Road",,St. Michael,,,431-5600,cherryann.ince@massygroup.com,0,0.00
Milano Diamond Gallery Inc.,,29-30 Broad Street,Bridgetown,,,,429-2900,pritam.bgi@milanodg.com,0,0.00
Ministry of Energy and Business (International Business Division),,"8th Floor - Baobab Tower
Warrens",,St.Michael,Barbados,,"535-7218 (Dennise), 535-7228","dennise.rowe@barbadosbusiness.gov.bb, mibi.accounts@barbadosbusiness.gov.bb",0,"3,637.80"
Ministry of Health,,"Frank Walcott Building
Culloden Road",,St.Michael,Barbados,,536-3805,"cherry.daniel@barbados.gov.bb, wayne.webster@barbados.gov.bb",0,387.76
Ministry of Home Affairs,,"Jones Building
Webster Business Park, Wildey",,St.Michael,Barbados,,535-7270,"haffairs@mha.gov.bb, awelch@mha.gov.bb, cwatkins-crawford@mha.gov.bb",0,0.00
Ministry of Small Business DCCA (Department of Commerce & Consumer Affairs),,Warrens,,St.Michael,Barbados,,535-7724 (Karen),"sharon.bovell@barbados.gov.bb, karen.boyce@barbados.gov.bb",0,951.76
"Ministry Small Business, Entrep, Commerce",,"1st Floor Warrens Office Complex
Warrens",,St. Michael,,,535-7708,mesbe.accounts@barbados.gov.bb,0,857.46
MKC Contracting (Barbados) Ltd.,,"Chelsea House
Chelsea Road",,Christ Church,,,629-4099,"finance.bb@proman.org, nicole.wickham@proman.org",0,345.45
Mr.Elliott Barrow,,,,,,,436-7434,elliott.barrow@rbc.com,0,198.58
MRG Inc.,,Cedar Court,Wildey Business Park,,,St. Michael,228-6621,kharris@mrgincbarbados.com,0,112.80
National Centre for State Courts,,"3rd Floor Williams Towers
Warrens",,St.Michael,,,426-0596,swilson@ncsc-cbsi.org,0,0.00
Needham's Point Holding's Limited,,Needham's Point,,St.Michael,Barbados,,467-5661,paul.jones3@hilton.com,0,683.85
Northpoint Consulting Inc,,6 Pine Road,,Bridgetown,Barbados,,426-8700,"rstoute@northpointconsulting-inc.com, msinckler@northpointconsulting-inc.com",0,170.96
Office of Infrastructure,,"2nd Floor Goddards Building
Haggatt Hall",,St.Michael,Barbados,,535-5449,fernella.cordle@barbados.gov.bb,0,178.90
One Caribbean Estates,,Limegrove,,St.James,Barbados,,620-4105,"eforde@onecaribbeanestates.com, concierge@onecaribbeanestates.com, accounts@onecaribbeanestates.com",0,874.20
P.U.P. #143,,"C/O Terra Caribbean, Somerley",Worthing,Christ Church,,Attn: Mrs. S. Armstrong,430-3784 (Jan),"fmaccounts@terracaribbean.com, kelly.lashley-mclean@terracaribbean.com",0,0.00
Pan American Intl. Insurance Company,,P.O. Box 197,,Bridgetown,,,427-5320,vwelch@palig.com,0,0.00
Pan Atlantic Holdings Ltd.,,P.O. Box 982,,Bridgetown,,,436-9756,"mfarmer@pabt.bb, restwick@pabt.bb",0,124.55
Paradise Surf School Barbados,,Ashford,St. John,,,,826-8999,paradisesurf@hotmail.com,0,0.00
Pelican Stuff,,Hayman's Market,,St.Peter,Barbados,,,chris@pelicanstuff.com,0,0.00
Plant Purchaser,,,,,,,,,0,0.00
Platinum Intl. Business Solutions Inc,,Suite 200 Braemar Court,Deighton Road,,,St. Michael   BB14017,437-6092,management@platinumintl.business,0,0.00
Platinum Motors,,Fontabelle,,St. Michael,,,438-0843 - Accounts,"mark@platinummotorsbb.com, accounts@platinummotorsbb.com",0,0.00
PriceWaterhouseCoopers SRL,,P.O. Box 111,,Bridgetown,,,262-1668,"olwyn.mccollin@pwc.com, BB_finance@pwc.com",0,"3,924.50"
Prism Financial Processing Services Ltd.,,#6 Belle Plantation,,The Belle,,St. Michael  BB11042,435-0892,"camisha_alexander@prismco.com, susan_taylor@prismco.com",0,0.00
Promotech,,"Promotech Corporate Offices
Vauxhall",,Christ Church,Barbados,,538-8892 (Tamara),"tcarter@promotech.net, nbyer@promotech.net, nworrell@promotech.net",0,0.00
Pyramid Protection Ltd.,,Searles Plantation Yard,,Christ Church,,,624-8591,accounts@pyramidprotectionltd.com,0,430.05
Quantum Investment Management Inc.,,"4th Floor Williams Towers, Warrens",,St. Michael,,,421-8600,accounts@quantum.bb,0,0.00
RBC Dominion Securities Global Ltd.,,"Top Floor RBC Sunset Crest
Holetown",,St. James  BB24016,,,467-4364,"dsglobalcomplex@rbc.com, neisha.johnson@rbc.com",0,275.83
RBC Royal Bank (Barbados) Limited,,Broad Street,,Bridgetown,,,+1 (297) 594-7048 - Richard,richard.dirksz@rbc.com,0,0.00
Relish Restaurant,,"Paradise Nature Park
Balls Industrial Park",,Christ Church,Barbados,,,pearl.j.bryan@gmail.com,0,147.19
Republic Bank (Barbados) Ltd.,,Broad Street,,Bridgetown,,,431-1262 ext 4029,accountspayable@republicbarbados.com,0,0.00
Republic Bank - Administrative & Operations Department,,Broad Street,,Bridgetown,,,431-1262 ext 4029,RBBBaccountspayable@rfhl.com,0,750.00
Republic Bank - Airport Branch,,Grantley Adams Intternational Airport,,Christ Church,,,431-1262 ext 4029,accountspayable@republicbarbados.com,0,0.00
Republic Bank - Broad Street Branch,,Broad Street,,Bridgetown,,,431-1262 ext 4029,RBBBaccountspayable@rfhl.com,0,301.10
Republic Bank - Card Services Department,,Broad Street,,Bridgetown,,,431-1262 ext 4029,RBBBaccountspayable@rfhl.com,0,48.48
Republic Bank - Centralised Securities,,Broad Street,,Bridgetown,,,431-1262 ext 4029,RBBBaccountspayable@rfhl.com,0,32.31
Republic Bank - Coconut Walk Branch,,Hastings,,Christ Church,Barbados,,431-1262 ext 4029,RBBBaccountspayable@rfhl.com,0,492.03
Republic Bank - Corporate & Commercial Credit,,Independence Square,,Bridgetown,,,431-1262 ext 4029,RBBBaccountspayable@rfhl.com,0,222.96
Republic Bank - Corporate & Treasury,,"1st Floor Republic Building, Independence Square",,Bridgetown,,,431-1262 ext 4029,RBBBaccountspayable@rfhl.com,0,142.47
Republic Bank - Independence Square Branch,,Independence Square,,Bridgetown,,,431-1262 ext 4029,RBBBaccountspayable@rfhl.com,0,219.14
Republic Bank - Lime Grove Holetown Branch,,Holetown,,St. James,,,431-1262 ext 4029,RBBBaccountspayable@rfhl.com,0,382.17
Republic Bank - Managing Director's Office,,Independence Square,,Bridgetown,,,431-1262 ext 4029,RBBBaccountspayable@rfhl.com,0,"1,108.92"
Republic Bank - Six Roads Branch,,Six Cross Roads,,St. Philip,,,431-1262 ext 4029,RBBBaccountspayable@rfhl.com,0,110.16
Republic Bank - Speightstown Branch,,Speightstown,,St. Peter,,,431-1262 ext 4029,RBBBaccountspayable@rfhl.com,0,145.99
Republic Bank - Warrens Branch,,"Barrack Building, Warrens",,St. Michael,,,431-1262 ext 4029,RBBBaccountspayable@rfhl.com,0,175.95
Republic Bank - Wildey Branch,,Wildey,,St. Michael,,,431-1262 ext 4029,RBBBaccountspayable@rfhl.com,0,0.00
Republic Bank - Worthing Branch,,Worthing,,Christ Church,,,431-1262 ext 4029,RBBBaccountspayable@rfhl.com,0,0.00
Republic Bank Belleville,,Belleville,,St.Michael,Barbados,,431-1262 ext 4300 (Samantha),RBBBaccountspayable@rfhl.com,0,400.69
Republic Bank Mortgage Centre,,Pine Road,,St. Michael,,,431-1262 ext. 2238,"cmcconney@republicbarbados.com, accountspayable@republicbarbados.com",0,0.00
Resolution Life Assurance Company Ltd,,"Worthing Corporate Centre, Worthing",,Christ Church,,BB15008,538-8012,"accounts@reslifeassurance.com, ahinkson@reslifeassurance.com",0,0.00
RFS (B'dos) Ltd.,,#5 Frere Pilgrim,,Christ Church,,,437-3500,"admin.bb@1rfsgroup.com, finance.bb@1rfsgroup.com, sabine@1rfsgroup.com",0,211.50
Roberts Manufacturing,,Lower Estate,,St.Michael,Barbados,,429-2131,"pkinch@rmco.com, jreid@rmco.com, dgreenidge@rmco.com",0,302.28
Rock Hard Cement Limited,,1 Haggatt Hall,,St.Michael,Barbados,,622-1967 (Shenelle),accountant@rockhard-cement.com,0,123.97
Ross University School of Medicine,,Two Mile Hill,,St.Michael,Barbados,BB11093,627-7866,ddangleben@rossu.edu,0,"2,282.44"
Rostrevor Apartment Hotel,,St. Lawrence Gap,,Christ Church,,,628-9298,accounts@rostrevorbarbados.com,0,197.40
Royal Fidelity Merchant Bank & Trust Ltd.,,"Royal Fidelity House
27 Pine Road",,St. Michael,,,435-1955,ops@rfgroup.com,0,150.40
Rubis Eastern Caribbean SRL,,Human Resources Department,One Rubis Plaza,Welches,,St. James   BB23027,417-6328,"r.harris@rubis-caribbean.com, z.blades@rubis-caribbean.com",0,678.27
Rubis West Indies Ltd.,,Human Resources Department,One Rubis Plaza,Welches,,St. James   BB23027,417-6424,"d.gill@rubis-caribbean.com, a.forde@rubis-caribbean.com, j.nurse@rubis-caribbean.com",0,"2,052.14"
Sagicor Life Inc.,,Corporate Accounting Department,Sagicor Financial Centre,Lower Collymore Rock,,St. Michael  BB15096,467-5324,"SLIBBPMT@sagicor.com, elsworth_howell@sagicor.com, shelly-ann_sealey@sagicor.com",0,"5,124.47"
Saint Luke,,"Chattel Village
Holetown",,St.James,Barbados,,,"andrew@saintluke.co, tessa@saintluke.co",0,459.13
Salt and City Barbados Boutique,,"Green Gables, White Hall,",St.Peter,,Barbados,,256-4321,charlotte@saltandcitybarbados.com,0,123.97
Sapphire Beach Apartments,,St. Lawrence Gap,Christ Church,,,,426-0420,sapphirebeachcondos149@gmail.com,0,423.00
Scotia ReInsurance Limited,,"4th Floor CGI Towers
Warrens",,St. Michael,,,425-2164,"nicole.bryan@scotiainsurance.com, robin.marshall-harris@scotiainsurance.com",0,0.00
Scotiabank (Barbados) Ltd,,"Corporate and Commercial Banking Centre
4th Floor CGI Tower
Warrens",,St.Michael,Barbados,,,cebillings@scotiabank.com,0,748.49
Scotiabank Barbados Ltd.,,"Managing Director's Office
1st Floor CGI Tower
Warrens",,St.Michael,Barbados,,230-2569 (Sherrise),"cebillings@scotiabank.com, melissa.grimes@scotiabank.com",0,0.00
Seaco SRL,,"First Floor
The Beach House",Holetown,St.James,Barbados,BB24015,228-8787,rochelle.humphrey@seacoglobal.com,0,0.00
Signia  Norman Centre,,"Shirley House
Hastings",,Christ Church,Barbados,,434-2360 ext 6231 (Jacqueline),jackie.holder@signiaglobe.com,0,0.00
SIGNIA Financial Group,,Carlisle House,,St. Michael,,,434-2360 ext 6231,"jackie.holder@signiaglobe.com, caroline.bowen@signiaglobe.com, jacqueline.hope@signiaglobe.com",0,0.00
Signia Financial Group Haggatt Hall,,Haggatt Hall,,St.Michael,,,434-2360 ext 6231,"jelan.ward@signiaglobe.com, jackie.holder@signiaglobe.com, invoices@signiaglobe.com",0,116.32
SigniaGlobe Financial Group Inc.,,Shirley House,Hastings Main Road,,,Christ Church,434-2360 ext 6231 (Jacqueline),"jackie.holder@signiaglobe.com, jacqueline.hope@signiaglobe.com, invoices@signiaglobe.com",0,279.94
Simply Distinctive Inc.,,"Chelston Avenue
Culloden Road",,St. Michael,,,622-0480,esterlene@simplydistinctive.com,0,0.00
Sol Barbados Ltd.,,Spring Garden Highway,,St. Michael,,,467-4712,"nicole.prescod@solpetroleum.com, finance_barbados@solpetroleum.com, iesha.fiedler@solpetroleum.com",0,777.26
Sol Caribbean Ltd,,"3rd Floor ITC Building
Warrens",,St. Michael,,,852-4825,receptionist@solpetroleum.com,0,"1,325.40"
South Gap Hotel,,St.Lawrence Gap,,Christ Church,Barbados,,420-7591,tropicalmist@southgapbarbados.com,0,0.00
Southern Palms Beach Club,,St. Lawrence Gap,Christ Church,,,,428-7171,"bp@southernpalms.net, jmorris@southernpalms.net",0,0.00
Space Studio Inc.,,13 The Rock,,St.Peter,Barbados,,253-2289 (Alexandra Hanschell),alexandra@spacestudioinc.com,0,0.00
Specialist Caribbean Aquatics Ltd. (Paradise Nature Park),,Balls Complex,Christ Church,,,,256-6617,"mitch@paradisenaturepark.com, suzy.hird@hotmail.com",0,660.00
St. James Resources Inc.,,"The Beach House, Sunset Crest",,St. James,,BB24015,432-7000,sonia.norris@stjames.bb,0,130.14
St. Nicholas Abbey,,St.Peter,,,Barbados,,572-1999,"larry@stnicholasabbey.com, accounts@stnicholasabbey.com",0,"1,254.00"
St.Gabriel Seascouts,,,,,,,,ajekent@gmail.com,0,0.00
Stade's Rum Visitors Centre c/o Ten-Tall Ltd.,,"Brighton
Black Rock",,St.Michael,Barbados,,425-9301,"ramon.watson@westindiesrum.com, charla.rayside@westindiesrum.com",0,"1,254.00"
Stansfeld Scott & Co. Ltd.,,Spring Garden Highway,St. Michael   BB11000,,,,434-4300,"susanne.floden@stansfeldscottbb.com, kathy.jordan@wineworldinc.com",0,152.75
Starcom Network Inc.,,River Road,Bridgetown,,,,430-7300,"accounts@nationnews.com, ramonpatrick@nationcorp.com.bb, lynnscantlebury@nationcorp.com.bb",0,94.00
Store All Inc.,,#12 Pine Commercial,,St.Michael,Barbados,,435-4126,"admin@storeallbds.com, peter@storeallbds.com",0,515.55
Strategic Risks Solutions Barbados,,Letchworth House,Building #1,The Garrison,,St. Michael,537-9768 Ext.225,"barbados@strategicrisks.com, shelley.cadogan@strategicrisks.com, shawn.babb@strategicrisks.com",0,0.00
Sugar Bay Hotel,,Hastings,,Christ Church,Barbados,,622-1124,maggierowe@bougainvillearesort.com,0,0.00
Summit Asset Management Ltd.,,"John Lovell Building
Collymore Rock",,St. Michael,,,436-1280 Ext 100,pbrathwaite@summitassetmgt.com,0,126.02
Sun Executive Inc,,Worthing,,Christ Church,Barbados,,434-8402,accounts@worthingcourt.com,0,0.00
Sunbury Great House,,St.Philip,,,Barbados,,431-8915 ext 170,accounts@amazing-attractions.com,0,627.00
Sweet Creations,,43 Bannatyne Gardens,,Christ Church,Barbados,,,info@sweetcreationsbb.com,0,0.00
Sweet Life Tours,,Sherringham Gardens,Christ Church,,,,823-4449,info@sweetlifetoursinc.com,0,0.00
Ten Habitat,,Wildey,,St.Michael,Barbados,,,"scambridge@tenhabitat.com, support@tenhabitat.com",0,535.06
Terra Caribbean,,"Somerley
Worthing",,Christ Church,,,430-3784 (Jan),"kimberley.gibson@terracaribbean.com, ryan.williams@terracaribbean.com, fmaccounts@terracaribbean.com",0,0.00
The Accountant (Min of Tourism),,Ministry of Tourism & Intl. Transport,1 Barbados Place,Warrens,,St. Michael,"535-7500, 535-7534","acctpay@tourism.gov.bb, hr@tourism.gov.bb",0,"3,193.66"
The Accountant's Centre,,River Road,,St. Michael,,,429-9645,alleyneda@theaccountantcentre.com,0,0.00
The Accounts Payment Department (Flow),,"C/O Accounts Payable Supervisor
Cable & Wireless Barbados, Windsor Lodge",,St. Michael,,,292-8505,"anthony.husbands@cwc.com, LIME-SSCAccountsPayable@cwc.com",0,"1,732.85"
The African Export-Import Bank,,Trident Insurance Financial Centre,Hastings,Christ Church,Barbados,,,"bniles@afreximbank.com, kkanga@afreximbank.com",0,293.75
The Barbados Hotel & Tourism Association,,P.O. Box 711C,,Bridgetown,,,622-5041,natalies@bhta.org,0,528.76
The Bay Boutique,,"Savvy On The Bay
Bay Street",,St.Michael,Barbados,,,sales@thebayboutique-bb.com,0,629.41
The Casual Shop (Coral Reef Hotel),,Porters,,St.James,Barbados,,422-2372,"jniles@coralreefbarbados.com, sohara@coralreefbarbados.com",0,0.00
The Corporate Secretary Ltd.,,P.O. Box 806E,,Bridgetown,,,427-8617,"mebourque@csl.bb, jwilson@csl.bb",0,314.90
The Display Group Inc,,#12 Pine Commercial,,St.Michael,,,435-4126,admin@storeallbds.com,0,0.00
The Estates (Residential Properties) Ltd,,"Cecil F. DeCaires Building
Wildey",,St.Michael,Barbados,,231-6670 (Ezra),"andre_procope@theestatesatstgeorge.com, charmaine_blackman@sagicor.com",0,0.00
The Nation Publishing Co. Ltd.,,Fontabelle,,St. Michael,,,430-5400,"frankgriffith@nationnews.com, deloresdottin@nationnews.com, accounts@nationnews.com",0,519.64
The Student Revolving Loan Fund,,"Dame Elsie Payne Complex
Constitution Road",,St.Michael,,,535-0847 (Alan Roach),"aroach@srlfloan.edu.bb, payments@srlfloan.edu.bb, vendorinvoices@srlfloan.edu.bb",0,0.00
Timeout Hotel,,"St.Lawrence Gap
Dover",,Christ Church,Barbados,,434-8402,accounts@timeoutbarbados.com,0,0.00
Timothy Oulton Inc.,,Limegrove Lifestyle Centre,Holetown,St.James,Barbados,,231-4999 (Sonia),"emma.alexander@timothyoulton.com, jonelle.hoyte@halocreativedesign.com",0,0.00
TMR Sales & Service Ltd,,P.O. Box 1266,Bridgetown,,,,430-5635,"adrian_rock@tmrservice.com, accountspayable@tmrservice.com, shalia_padmore@tmrservice.com",0,263.20
Travel Cash Barbados Ltd.,,Prince William Henry St.,,Bridgetown,,,426-0303,"smitha@travelcashbarbados.com, estwicko@guardsmangroup.com",0,0.00
Travel Innovation,,"PWC Building
Colllymore Rock",,St.Michael,Barbados,,,barbadosinvoices@travelinnovationgroup.com,0,0.00
Trident Animation Studios Ltd.,,"Harbour Industrial Estate
Fontabelle",,Bridgetown,,,230-7427,"tridentanimationbb@gmail.com, 123sammatt@gmail.com",0,0.00
Trident Corporate Services (Barbados) Ltd,,"Suite #1, Ground Floor, Financial Services Centre, Bishops Court Hill",,St. Michael,,,621-0760,cdieffenthaller@tridenttrust.com,0,0.00
Trident House Property Management,,"Trident House
Broad Street",,Bridgetown,,,426-0420,"angela.best@askbarbados.com, keren.horsford@askbarbados.com",0,0.00
U.N. Systems,,"C/O U.N.D.P.  United Nations House
Marine Gardens",,Christ Church,,,467-6023,"greta.puckerin@undp.org, finance.bb@undp.org",0,197.40
U.N.D.P,,"United Nations House
Marine Gardens",,Christ Church,,,467-6023,"greta.puckerin@undp.org, finance.bb@undp.org",0,655.65
U.N.I.C.E.F.,,"United Nations House
Marine Gardens",,Christ Church,,,467-6156,"ecapayments@unicef.org, abatstone@unicef.org",0,"1,413.54"
UNDP Barbados and the East Caribbean,,"United Nations Building - 1st Floor
Marine Gardens",,Christ Church,,,467-6023,"finance.bb@undp.org, selena.gooding@undp.org, omokaro.trotman@undp.org",0,343.69
UNFPA,,"United Nations House
Marine Gardens",,Christ Church,Barbados,,467-6023 (Greta),kharper@unfpa.org,0,400.08
United Nations Resident Coordinator Office,,"UN House
Marine Gardens",,Christ Church,Barbados,,467-6106,rco.bb@un.org,0,211.50
Unspoken Caribbean,,Pavilion Court #2,,St.Michael,,,230-8672,unspokencaribbean@gmail.com,0,0.00
UNWOMEN,,"United Nations House
Marine Gardens",,Christ Church,,,467-6129,"kerwin.holder@unwomen.org, jawara.wells@unwomen.org",0,366.60
USA Risk Group,,"6th Floor CGI Tower
Warrens",,St. Michael,,,626-6470,sstollmeyer@usarisk.bb,0,173.90
UWI Bookshop,,Cave Hill,,St.Michael,Barbados,,417-4515 (Stephanie Long),stephanie.long@cavehill.uwi.edu,0,0.00
UWI Global Campus,,Cave Hill,,St.Michael,Barbados,,417-4021,sherry.lorde@uwi.edu,0,0.00
Warrens Tower Inc.,,c/o Terra Caribbean,Worthing,Christ Church,,Attention : Adrian Richards,417-2982,"Facilitiesmgmt@terracaribbean.com, shernell.newton@terracaribbean.com, fmaccounts@terracaribbean.com",0,16.74
Wasn't Me Sailing Cruises,,Rero Enterprises Co. Ltd.,Christ Church,,,,262-3793,captainron@barbadossailing.com,0,"1,320.00"
Welchmanhall Gully,,Welchmanhall,,St.Thomas,Barbados,,438-6671,welchmanhallgully@gmail.com,0,0.00
Wellness Music Creative,,"Ten Habitat Building
Wildey",,St.Michael,Barbados,,239-2487 (Maachelle),wellnessmusiccreative@gmail.com,0,193.88
Whitepark Investments Inc.,,"Charlton House
Whitepark Road",,St.Michael,,,430-8961,shelly@charltonchambers.com.bb,0,278.49
William Gordon (Customer),,,,,,,,,0,0.00
Williams Tours Inc.,,Arritxu,Christ Church,,,,427-1043,williamstoursbarbados@gmail.com,0,0.00
World Food Program - Barbados Country Office,,"UN House
Marine Gardens
Hastings",,Christ Church,Barbados,,836-6055,"barbados.accountspayable@wfp.org, barbados.finance@wfp.org",0,"1,678.80"
Worrell Island Tours,,"#334 Peridot Road,",Christ Church,,,,262-9529 / 821-6128,worrell.islandtours246@gmail.com,0,"1,320.00"
YBG Management Services Inc.,,"C/O Alpha & Omega Law Chambers
1st Floor Trident House",,Bridgetown,,,431-0798,yolande@caribsurf.com,0,0.00
Yellow Bird Hotel,,St.Lawrence Gap,,Christ Church,Barbados,,622-8444,tropicalmist@southgapbarbados.com,0,0.00
